Date,Date_YMD,Status,TT,AN,AP,AR,AS,BR,CH,CT,DN,DD,DL,GA,GJ,HR,HP,JK,JH,KA,KL,LA,LD,MP,MH,MN,ML,MZ,NL,OR,PY,PB,RJ,SK,TN,TG,TR,UP,UT,WB,UN
01-Jan-21,01-01-2021,Confirmed,20159,1,326,0,40,463,51,932,0,0,585,69,734,286,193,256,128,877,4991,59,0,780,3524,18,0,12,2,245,32,248,609,12,921,461,4,1786,361,1153,0
01-Jan-21,01-01-2021,Recovered,23838,4,350,2,82,404,64,1019,0,0,717,78,907,533,412,248,105,1084,5111,9,0,900,4279,64,0,2,14,301,50,408,942,5,1029,617,28,2082,492,1496,0
01-Jan-21,01-01-2021,Deceased,237,0,0,0,4,3,1,4,0,0,21,0,3,6,2,1,0,6,23,0,0,12,59,1,0,0,0,3,0,8,4,1,13,3,0,27,6,26,0
02-Jan-21,02-01-2021,Confirmed,18144,1,238,8,38,397,66,1147,0,0,494,95,741,239,149,244,151,755,5328,25,0,731,3218,37,40,3,0,251,10,242,467,10,910,293,8,682,263,863,0
02-Jan-21,02-01-2021,Recovered,20903,7,279,10,80,490,117,1963,0,0,496,104,922,425,339,260,205,976,4985,10,0,855,2110,40,88,3,5,232,30,315,890,13,1007,535,16,1190,463,1443,0
02-Jan-21,02-01-2021,Deceased,216,0,3,0,2,3,1,11,0,0,14,0,5,4,2,1,4,3,21,0,0,9,51,1,0,0,0,4,0,15,5,1,11,2,0,8,7,28,0
03-Jan-21,03-01-2021,Confirmed,16678,1,232,5,15,282,16,714,1,0,424,65,715,218,67,182,137,810,4600,6,0,724,3282,38,12,4,1,192,50,207,502,9,867,394,6,737,267,896,0
03-Jan-21,03-01-2021,Recovered,19658,9,352,7,60,631,54,1237,3,0,708,83,938,450,433,205,159,743,4668,10,0,947,2064,33,13,18,9,244,38,263,801,33,1002,574,14,1179,244,1432,0
03-Jan-21,03-01-2021,Deceased,215,0,4,0,1,2,1,14,0,0,14,2,4,2,6,1,1,8,25,0,0,14,35,1,0,0,0,3,0,12,5,0,10,3,0,16,5,26,0
04-Jan-21,04-01-2021,Confirmed,16278,0,128,9,36,344,55,1147,0,0,384,40,698,244,122,133,160,600,3021,5,0,621,4875,51,22,0,5,183,29,222,457,1,838,238,1,711,301,597,0
04-Jan-21,04-01-2021,Recovered,29209,2,252,15,67,430,68,1349,1,0,727,88,898,391,304,419,232,1283,5145,21,0,857,10362,47,18,26,9,298,28,490,755,22,985,518,6,1054,695,1347,0
04-Jan-21,04-01-2021,Deceased,200,0,3,0,2,3,1,12,0,0,12,2,3,6,2,5,1,3,19,0,0,7,29,3,0,0,0,2,2,24,4,0,10,2,0,10,8,25,0
05-Jan-21,05-01-2021,Confirmed,17909,1,377,3,41,411,90,1021,0,0,442,80,655,259,102,137,151,815,5615,16,0,671,3160,86,24,11,2,198,47,211,397,17,820,253,1,729,254,812,0
05-Jan-21,05-01-2021,Recovered,21161,8,278,11,50,456,116,1651,1,0,557,70,868,300,307,215,255,1377,4922,22,0,839,2828,751,12,6,30,271,31,293,751,9,971,317,11,928,483,1166,0
05-Jan-21,05-01-2021,Deceased,265,0,4,0,3,7,1,25,0,0,12,1,4,4,4,6,2,8,24,0,0,14,64,2,2,0,0,2,0,4,5,0,11,3,0,20,9,24,0
06-Jan-21,06-01-2021,Confirmed,20472,0,289,9,43,408,78,1050,0,0,654,92,665,316,105,126,194,784,6394,12,0,730,4382,66,19,13,17,231,34,258,436,13,811,417,2,729,227,868,0
06-Jan-21,06-01-2021,Recovered,19689,3,428,0,79,424,61,1042,2,0,719,82,897,329,260,264,165,1238,5110,28,0,633,2570,29,14,7,22,230,35,235,564,42,943,472,9,1067,415,1271,0
06-Jan-21,06-01-2021,Deceased,222,0,3,0,0,5,1,10,0,0,16,0,4,7,2,3,2,6,25,0,0,8,66,0,0,0,1,0,0,8,4,0,11,2,2,9,5,22,0
07-Jan-21,07-01-2021,Confirmed,18123,9,295,4,57,377,43,1010,0,0,486,119,667,274,131,127,195,761,5051,11,0,774,3729,47,11,9,6,230,35,277,509,14,805,379,8,503,249,921,0
07-Jan-21,07-01-2021,Recovered,20503,5,368,13,48,423,57,1253,0,0,780,90,899,377,191,187,195,812,5638,15,0,750,3350,35,27,12,7,282,47,290,735,13,911,305,8,646,439,1295,0
07-Jan-21,07-01-2021,Deceased,233,0,1,0,2,4,2,7,0,0,19,0,3,6,1,3,1,7,25,0,0,12,72,1,0,0,2,1,1,10,4,0,12,3,0,10,6,18,0
08-Jan-21,08-01-2021,Confirmed,18453,1,319,7,50,452,54,960,1,0,444,83,685,281,136,122,207,970,5142,1,0,614,3693,48,24,3,4,245,20,299,471,14,790,346,5,767,269,926,0
08-Jan-21,08-01-2021,Recovered,19242,2,308,9,54,504,55,759,0,0,823,105,892,340,171,273,188,657,5325,13,0,809,2890,58,5,13,4,244,36,252,537,86,897,397,9,1001,390,1136,0
08-Jan-21,08-01-2021,Deceased,229,0,1,0,0,4,1,15,0,0,10,0,3,3,2,4,2,3,23,0,0,9,73,0,2,0,1,2,0,15,0,0,8,2,1,17,7,21,0
09-Jan-21,09-01-2021,Confirmed,18820,0,199,3,34,493,50,1014,0,0,519,81,675,279,84,127,236,899,5528,7,0,541,3581,67,32,16,11,206,36,248,430,5,761,298,0,1286,287,787,0
09-Jan-21,09-01-2021,Recovered,19460,7,423,16,56,411,59,770,1,0,603,89,851,211,175,272,205,872,5424,7,0,826,2401,31,24,1,25,269,51,301,1098,29,882,474,0,1375,243,978,0
09-Jan-21,09-01-2021,Deceased,213,0,1,0,1,2,1,15,0,0,12,2,5,6,3,2,2,4,22,0,0,10,57,1,0,0,1,1,0,2,4,0,7,2,0,24,6,20,0
10-Jan-21,10-01-2021,Confirmed,16086,1,227,5,25,359,44,661,0,0,399,66,671,234,86,113,145,792,4545,10,0,620,3558,14,19,17,3,260,30,299,475,4,724,351,8,275,223,823,0
10-Jan-21,10-01-2021,Recovered,16737,2,289,3,29,408,31,962,2,0,602,100,806,286,202,195,169,593,4659,16,0,816,2302,39,27,6,0,240,40,312,476,22,857,415,10,561,303,957,0
10-Jan-21,10-01-2021,Deceased,150,0,1,0,1,4,0,6,0,0,12,1,4,1,1,1,2,2,23,0,0,10,34,0,0,1,0,0,2,6,3,0,7,2,0,2,5,19,0
11-Jan-21,11-01-2021,Confirmed,12481,3,121,5,45,213,47,853,2,0,306,35,615,244,69,113,144,496,3110,3,0,485,2438,33,20,1,9,244,22,192,429,1,682,224,0,509,156,612,0
11-Jan-21,11-01-2021,Recovered,18578,9,213,8,64,378,29,1255,0,0,407,66,746,201,164,355,229,797,3922,17,0,650,4286,46,24,2,16,228,34,265,568,30,869,461,7,770,523,939,0
11-Jan-21,11-01-2021,Deceased,166,0,2,0,3,5,0,15,0,0,13,2,3,6,2,1,1,4,20,0,0,7,40,0,0,0,0,1,0,2,2,0,6,1,0,9,5,16,0
12-Jan-21,12-01-2021,Confirmed,15903,3,197,5,55,344,36,729,0,0,386,92,602,192,75,113,127,751,5507,13,0,471,2936,32,20,6,10,225,18,254,293,7,671,301,2,495,184,751,0
12-Jan-21,12-01-2021,Recovered,17762,2,234,7,56,214,24,1207,0,0,545,94,855,290,174,198,153,1181,4270,15,0,615,3282,28,19,5,12,181,28,315,675,16,827,293,3,789,276,879,0
12-Jan-21,12-01-2021,Deceased,200,0,2,0,0,4,1,12,0,0,16,0,3,8,0,1,0,5,25,1,0,8,50,0,0,0,0,2,1,9,3,0,8,2,0,10,11,18,0
13-Jan-21,13-01-2021,Confirmed,17015,3,203,1,53,294,37,671,1,0,357,96,583,225,93,121,152,746,6004,5,0,456,3556,44,18,4,6,210,29,258,373,8,673,331,6,466,209,723,0
13-Jan-21,13-01-2021,Recovered,17797,5,231,4,40,391,14,930,1,0,534,78,792,250,71,174,152,765,5158,49,0,655,3009,56,9,1,7,170,44,222,790,10,821,394,8,879,289,794,0
13-Jan-21,13-01-2021,Deceased,201,0,1,0,1,2,1,10,0,0,11,1,4,2,2,0,0,3,26,0,0,6,70,0,1,0,2,1,0,7,3,0,6,3,1,15,4,18,0
14-Jan-21,14-01-2021,Confirmed,15677,7,179,15,19,314,23,607,2,0,340,103,570,187,62,79,144,408,5490,7,0,420,3579,18,18,7,32,222,43,213,281,7,665,276,5,501,154,680,0
14-Jan-21,14-01-2021,Recovered,15943,0,219,5,31,238,41,970,0,0,390,67,737,329,81,237,173,564,4337,29,0,598,3309,41,17,5,11,210,22,253,384,155,826,238,6,539,187,694,0
14-Jan-21,14-01-2021,Deceased,189,0,4,0,0,2,1,10,0,0,4,2,3,6,0,3,0,3,19,0,0,8,70,0,0,0,0,1,1,10,2,1,4,1,0,14,3,17,0
15-Jan-21,15-01-2021,Confirmed,15155,3,94,4,15,346,26,521,2,0,295,80,535,161,51,144,96,708,5624,2,0,429,3145,24,4,0,4,186,28,241,310,13,621,202,5,472,141,623,0
15-Jan-21,15-01-2021,Recovered,16809,4,232,8,42,371,33,1009,0,0,427,61,738,236,95,179,133,643,4603,12,0,574,3500,34,4,7,22,256,32,257,377,12,805,253,4,956,234,656,0
15-Jan-21,15-01-2021,Deceased,176,0,1,0,1,2,0,7,0,0,10,1,3,7,0,5,1,3,23,0,0,6,45,0,0,0,2,2,0,12,0,0,5,2,1,15,6,16,0
16-Jan-21,16-01-2021,Confirmed,15050,3,114,6,32,239,39,566,0,0,299,83,505,167,71,109,119,584,5960,1,0,365,2910,24,2,4,15,178,16,175,238,5,610,249,4,523,226,609,0
16-Jan-21,16-01-2021,Recovered,17202,0,326,8,61,328,67,615,0,0,397,69,764,218,83,256,158,676,5011,12,0,793,3039,79,15,16,2,230,22,322,558,10,775,417,7,930,272,666,0
16-Jan-21,16-01-2021,Deceased,181,0,0,0,4,4,0,7,0,0,6,3,3,4,1,1,1,4,27,0,0,5,52,1,0,0,0,1,2,14,2,0,6,1,1,12,4,15,0
17-Jan-21,17-01-2021,Confirmed,13962,1,161,3,22,211,34,323,1,0,246,60,518,178,70,126,87,745,5005,7,0,355,3081,21,12,8,4,183,35,239,261,9,589,299,0,391,112,565,0
17-Jan-21,17-01-2021,Recovered,14513,1,251,7,30,383,43,351,0,0,385,59,704,211,126,182,111,855,4408,9,0,478,2342,58,12,7,4,228,37,195,496,6,770,379,0,666,98,621,0
17-Jan-21,17-01-2021,Deceased,145,0,1,0,3,4,0,7,0,0,8,0,2,2,2,0,0,4,21,0,0,2,50,0,0,0,0,1,0,5,1,0,7,2,0,6,5,12,0
18-Jan-21,18-01-2021,Confirmed,9987,5,81,1,33,144,27,471,0,0,161,53,495,119,35,82,100,435,3346,1,14,304,1924,11,2,1,3,134,23,124,213,0,551,206,3,376,120,389,0
18-Jan-21,18-01-2021,Recovered,17127,1,263,2,139,344,53,1301,2,0,362,66,700,280,103,194,131,973,3921,11,0,540,3854,58,2,5,4,255,20,278,626,9,758,346,5,622,330,569,0
18-Jan-21,18-01-2021,Deceased,137,0,1,0,2,3,0,7,0,0,8,0,2,4,1,1,4,9,17,0,0,3,35,0,0,0,0,1,1,5,3,0,8,2,0,4,6,10,0
19-Jan-21,19-01-2021,Confirmed,13787,1,179,3,23,189,31,383,0,0,231,112,485,153,41,113,101,645,6186,5,7,304,2294,33,3,6,5,122,37,208,209,14,543,256,3,334,116,412,0
19-Jan-21,19-01-2021,Recovered,17229,0,231,8,106,595,49,436,1,0,222,115,709,241,81,120,141,807,4296,6,0,725,4516,93,18,11,7,250,26,247,537,9,772,298,3,789,251,513,0
19-Jan-21,19-01-2021,Deceased,162,0,1,0,0,1,0,10,0,0,10,0,2,4,0,1,3,6,26,1,0,7,50,1,0,0,0,1,0,7,2,1,9,2,0,4,2,11,0
20-Jan-21,20-01-2021,Confirmed,15279,2,173,0,32,209,28,594,2,0,228,87,490,105,63,109,125,501,6815,6,9,280,3015,19,7,5,1,157,31,199,213,5,549,267,1,390,153,409,0
20-Jan-21,20-01-2021,Recovered,20071,3,196,6,98,257,42,718,0,0,405,84,707,204,72,113,170,665,7364,9,0,997,4589,10,7,17,7,270,32,202,438,1,713,351,2,682,131,509,0
20-Jan-21,20-01-2021,Deceased,152,0,0,0,2,3,0,10,0,0,10,0,2,4,0,0,0,4,18,0,0,7,59,0,0,0,0,0,0,4,2,0,9,2,0,7,3,6,0
21-Jan-21,21-01-2021,Confirmed,14495,0,139,1,21,168,16,560,0,0,227,55,471,133,39,117,67,674,6334,5,18,301,2886,19,4,12,3,143,35,180,265,5,596,226,2,195,162,416,0
21-Jan-21,21-01-2021,Recovered,17734,4,254,9,116,315,40,711,1,0,246,54,727,185,55,104,136,815,6229,8,0,704,3980,43,6,6,2,224,32,227,406,17,705,224,4,345,283,517,0
21-Jan-21,21-01-2021,Deceased,161,0,0,0,0,4,1,8,0,0,8,1,1,3,3,1,1,2,21,0,0,6,52,0,2,0,0,1,0,15,2,0,9,1,0,6,4,9,0
22-Jan-21,22-01-2021,Confirmed,14323,1,137,1,17,168,25,440,1,0,266,70,451,120,41,88,75,324,6753,0,2,347,2779,15,2,3,2,154,22,206,201,1,574,214,4,303,110,406,0
22-Jan-21,22-01-2021,Recovered,17166,3,167,2,103,458,33,763,1,0,319,80,700,209,81,97,127,890,6108,5,0,463,3419,36,3,8,5,212,27,217,416,9,689,351,5,484,183,493,0
22-Jan-21,22-01-2021,Deceased,153,0,4,0,0,4,1,8,0,0,7,1,2,5,0,4,2,3,19,0,0,4,50,2,0,0,0,0,0,8,0,0,8,2,0,8,3,8,0
23-Jan-21,23-01-2021,Confirmed,14896,1,158,1,19,149,22,377,0,0,197,85,423,136,27,94,78,902,6960,2,7,291,2697,17,4,0,4,130,36,211,203,5,586,221,2,319,122,410,0
23-Jan-21,23-01-2021,Recovered,16033,0,172,1,94,203,31,637,0,0,367,63,702,158,73,88,177,542,5283,8,0,454,3694,18,10,2,4,205,27,232,472,10,673,431,3,513,212,474,0
23-Jan-21,23-01-2021,Deceased,156,0,1,0,0,4,1,8,0,0,10,3,1,4,1,1,1,3,23,0,0,6,56,0,0,0,0,1,1,10,2,1,2,2,0,4,0,10,0
24-Jan-21,24-01-2021,Confirmed,13232,0,158,1,16,131,32,298,0,0,185,53,410,128,21,73,54,573,6036,12,0,252,2752,16,5,2,0,150,30,197,167,3,569,197,0,268,54,389,0
24-Jan-21,24-01-2021,Recovered,13148,1,155,20,99,267,22,366,2,0,315,102,704,175,52,73,109,401,5173,9,0,388,1743,11,16,5,1,182,43,232,468,9,642,376,0,508,25,454,0
24-Jan-21,24-01-2021,Deceased,131,0,0,0,1,3,1,8,0,0,9,0,1,1,2,0,2,4,20,0,0,3,45,0,0,0,0,1,1,2,0,1,7,1,0,8,2,8,0
25-Jan-21,25-01-2021,Confirmed,9098,1,56,1,25,82,61,484,0,0,148,57,390,118,35,64,74,375,3361,0,10,200,1842,11,2,0,3,130,18,159,193,1,540,148,1,194,62,252,0
25-Jan-21,25-01-2021,Recovered,16092,9,141,4,83,222,54,539,1,0,190,113,707,247,63,83,122,1036,5606,11,0,861,3080,26,9,9,10,140,26,258,370,13,627,302,3,456,254,417,0
25-Jan-21,25-01-2021,Deceased,116,0,2,0,0,4,0,13,0,0,5,1,3,4,0,0,1,3,17,0,0,2,30,0,0,0,0,1,0,5,2,0,4,1,0,7,4,7,0
26-Jan-21,26-01-2021,Confirmed,12733,0,172,1,8,160,0,321,1,0,157,70,380,96,12,74,65,529,6293,1,2,228,2405,6,6,5,2,99,32,129,125,6,523,189,1,301,39,295,0
26-Jan-21,26-01-2021,Recovered,13250,0,203,2,89,170,0,182,1,0,218,62,637,190,59,54,65,738,5290,4,0,515,2106,21,12,2,3,143,17,164,257,17,595,349,5,569,102,409,0
26-Jan-21,26-01-2021,Deceased,138,0,1,0,1,3,0,14,0,0,7,1,2,0,0,1,0,4,19,0,0,2,47,0,0,0,0,0,0,11,0,0,5,2,0,8,1,9,0
27-Jan-21,27-01-2021,Confirmed,11556,0,111,3,17,86,40,439,1,0,96,53,353,87,39,77,70,428,5659,0,0,185,2171,4,1,3,2,138,24,188,134,1,512,147,0,168,85,234,0
27-Jan-21,27-01-2021,Recovered,14261,5,97,2,94,710,37,944,0,0,212,90,462,117,68,129,117,760,5006,3,0,345,2556,13,10,6,40,108,36,204,305,3,564,399,4,333,96,386,0
27-Jan-21,27-01-2021,Deceased,123,0,2,0,2,4,0,3,0,0,9,0,1,0,1,1,2,3,20,0,0,6,32,1,0,0,0,0,1,10,1,0,8,1,0,4,3,8,0
28-Jan-21,28-01-2021,Confirmed,18912,0,117,3,29,134,36,6451,0,0,199,85,346,97,60,63,62,550,5771,17,0,226,2889,15,8,3,1,113,39,200,85,5,503,186,0,248,82,289,0
28-Jan-21,28-01-2021,Recovered,20315,2,128,3,95,281,24,6479,0,0,119,52,602,111,52,149,112,644,5594,2,0,321,3181,23,7,7,5,132,29,192,188,3,544,306,3,380,178,367,0
28-Jan-21,28-01-2021,Deceased,162,0,0,0,0,2,0,35,0,0,6,2,2,0,0,1,3,2,19,0,0,3,50,0,0,0,0,0,1,9,2,0,6,1,0,6,3,9,0
29-Jan-21,29-01-2021,Confirmed,13054,0,125,0,20,121,27,370,1,0,249,78,335,107,44,76,45,468,6268,9,1,171,2771,15,4,1,4,70,31,254,103,1,509,197,2,213,78,286,0
29-Jan-21,29-01-2021,Recovered,14886,3,175,2,102,278,26,455,0,0,267,103,463,154,40,215,86,607,6398,4,14,297,2613,25,11,5,3,157,27,208,265,8,531,356,2,521,116,349,0
29-Jan-21,29-01-2021,Deceased,137,0,0,0,0,3,0,7,0,0,6,1,1,1,0,1,1,2,22,0,0,3,56,1,0,0,0,0,0,11,2,0,6,2,0,4,0,7,0
30-Jan-21,30-01-2021,Confirmed,13073,0,129,1,29,123,17,413,0,0,183,93,323,97,94,76,49,464,6282,5,9,219,2630,15,8,3,2,108,43,224,104,3,505,186,2,242,82,310,0
30-Jan-21,30-01-2021,Recovered,14077,1,147,0,70,187,25,502,2,0,290,76,441,153,52,135,100,547,7032,2,16,283,1535,21,17,4,2,138,32,146,238,6,526,367,2,474,167,341,0
30-Jan-21,30-01-2021,Deceased,128,0,1,0,1,4,0,9,0,0,8,0,2,2,2,3,1,2,18,1,0,2,42,0,0,0,0,0,0,8,1,0,5,2,0,4,1,9,0
31-Jan-21,31-01-2021,Confirmed,11527,0,116,0,21,116,26,265,0,0,140,53,316,92,42,57,41,522,5266,1,8,226,2585,16,3,6,4,114,21,192,95,2,508,163,0,220,61,229,0
31-Jan-21,31-01-2021,Recovered,11882,0,127,1,54,162,12,195,0,0,211,60,335,110,32,70,63,465,5730,4,19,318,1670,8,9,8,0,141,41,242,194,9,523,276,0,369,86,338,0
31-Jan-21,31-01-2021,Deceased,116,0,0,0,0,2,0,3,0,0,4,2,0,1,3,0,1,4,21,0,0,3,40,0,0,0,0,0,1,6,0,0,6,1,0,8,1,9,0
01-Feb-21,01-02-2021,Confirmed,8579,0,64,0,13,75,32,322,0,0,121,60,298,92,25,44,42,388,3459,4,12,151,1948,4,0,0,5,79,28,194,96,1,502,118,1,171,51,179,0
01-Feb-21,01-02-2021,Recovered,13443,4,99,3,70,118,21,520,1,0,214,86,406,122,37,83,81,470,5215,3,7,260,3289,9,6,3,4,136,25,220,309,4,517,264,3,389,139,306,0
01-Feb-21,01-02-2021,Deceased,94,0,1,0,1,2,0,5,0,0,3,0,1,4,0,0,1,3,17,0,0,2,27,0,0,0,0,0,3,1,0,0,7,2,0,4,4,6,0
02-Feb-21,02-02-2021,Confirmed,11001,0,104,1,7,118,22,330,0,0,114,106,285,78,26,44,59,395,5716,2,20,168,1927,5,4,1,2,60,27,204,87,5,510,152,0,172,47,203,0
02-Feb-21,02-02-2021,Recovered,14250,0,147,0,37,173,15,276,0,0,160,62,422,103,38,83,81,412,5747,4,0,296,4011,6,9,1,0,138,26,171,235,2,521,221,2,462,80,309,0
02-Feb-21,02-02-2021,Deceased,113,0,2,0,0,4,1,5,0,0,2,0,1,1,1,2,2,3,16,0,0,3,30,0,1,0,0,0,0,12,2,2,4,1,0,6,3,9,0
03-Feb-21,03-02-2021,Confirmed,12925,0,95,0,14,92,36,351,0,0,150,63,283,69,59,65,46,426,6356,9,3,258,2992,9,6,3,16,71,23,187,92,2,514,185,0,195,54,201,0
03-Feb-21,03-02-2021,Recovered,17813,0,129,2,59,138,31,202,0,0,153,70,528,104,14,61,80,433,6380,5,5,250,7030,35,10,3,5,122,29,179,196,1,533,197,0,431,95,303,0
03-Feb-21,03-02-2021,Deceased,107,0,1,0,0,3,1,7,0,0,6,0,2,1,1,3,2,2,20,0,0,1,30,1,0,0,0,0,1,0,2,0,4,2,0,6,4,7,0
04-Feb-21,04-02-2021,Confirmed,12401,0,79,0,11,64,21,373,0,0,158,79,275,73,47,60,58,474,6102,5,4,166,2736,13,20,0,4,87,39,196,139,5,494,177,0,133,103,206,0
04-Feb-21,04-02-2021,Recovered,15788,0,87,1,30,109,19,387,0,0,165,56,330,128,16,75,64,470,6341,3,0,263,5339,11,9,5,6,112,25,160,192,9,517,198,5,263,92,301,0
04-Feb-21,04-02-2021,Deceased,120,0,0,0,1,2,1,6,0,0,7,2,1,2,1,2,0,2,17,0,0,2,46,0,0,0,0,1,0,7,0,0,4,2,0,6,4,4,0
05-Feb-21,05-02-2021,Confirmed,11711,3,97,0,7,90,24,336,0,0,154,56,267,84,71,66,41,430,5610,3,15,162,2628,9,27,4,5,97,50,199,116,2,489,169,1,158,47,194,0
05-Feb-21,05-02-2021,Recovered,14512,0,179,0,29,201,23,263,1,0,140,78,425,96,48,63,47,470,6653,3,2,299,3513,11,9,3,0,122,27,214,173,7,506,189,1,323,97,297,0
05-Feb-21,05-02-2021,Deceased,95,0,1,0,0,2,1,8,0,0,2,0,1,1,0,1,0,3,19,0,0,1,40,0,0,0,0,1,2,-1,1,0,4,1,0,2,3,2,0
06-Feb-21,06-02-2021,Confirmed,12069,3,75,1,9,88,0,260,0,0,123,65,252,71,87,65,41,531,5942,1,10,197,2768,7,24,1,22,82,35,183,97,3,477,161,0,144,47,197,0
06-Feb-21,06-02-2021,Recovered,11761,0,133,2,20,84,0,297,1,0,151,56,401,112,51,88,54,434,6178,1,0,315,1739,11,3,5,5,109,32,166,150,5,503,147,1,164,50,293,0
06-Feb-21,06-02-2021,Deceased,75,0,1,0,0,1,0,3,0,0,4,0,1,0,1,0,0,3,16,0,0,1,25,0,0,0,0,1,0,6,1,0,3,1,0,4,2,1,0
07-Feb-21,07-02-2021,Confirmed,11786,1,73,0,8,53,47,186,0,0,119,42,244,67,45,59,38,487,6075,3,2,184,2673,9,40,1,10,72,22,207,75,2,471,150,0,113,15,193,0
07-Feb-21,07-02-2021,Recovered,11756,0,82,0,24,84,63,210,0,0,179,48,355,90,77,60,34,493,5948,3,0,217,1622,18,5,0,0,106,27,185,138,7,498,186,3,670,35,289,0
07-Feb-21,07-02-2021,Deceased,86,0,0,0,0,1,2,6,0,0,2,2,1,2,1,0,1,3,19,0,0,0,30,1,0,0,0,0,0,2,0,0,1,2,0,1,4,5,0
08-Feb-21,08-02-2021,Confirmed,8715,4,62,1,19,56,26,265,0,0,125,57,232,76,29,43,38,328,3742,6,1,193,2216,4,1,1,2,72,26,192,101,0,464,101,0,70,43,119,0
08-Feb-21,08-02-2021,Recovered,13600,0,102,3,26,129,25,362,1,0,138,85,450,89,35,80,31,350,5959,7,11,190,3423,18,3,3,11,83,28,245,93,3,495,197,0,504,142,279,0
08-Feb-21,08-02-2021,Deceased,78,0,1,0,1,1,1,3,0,0,3,0,1,0,0,0,0,3,16,0,0,3,15,0,1,0,0,1,1,11,2,0,4,1,0,4,3,2,0
09-Feb-21,09-02-2021,Confirmed,10731,2,70,0,27,92,21,206,0,0,100,59,234,93,68,55,61,366,5214,5,12,167,2515,7,7,3,6,105,35,185,90,0,469,149,1,107,54,146,0
09-Feb-21,09-02-2021,Recovered,12928,0,115,1,17,120,21,222,0,0,144,98,353,105,72,55,35,513,6475,17,16,219,2554,15,4,3,3,108,37,212,125,4,491,186,2,243,67,276,0
09-Feb-21,09-02-2021,Deceased,94,0,0,0,1,1,1,2,0,0,0,2,1,4,3,0,0,2,19,0,0,2,35,0,0,0,0,0,0,8,0,0,4,1,0,0,2,6,0
10-Feb-21,10-02-2021,Confirmed,12539,0,50,0,11,64,17,222,0,0,127,72,255,77,83,45,45,415,5980,4,15,141,3451,11,31,2,2,92,19,229,107,1,479,157,0,121,35,179,0
10-Feb-21,10-02-2021,Recovered,11796,0,121,0,17,60,26,312,0,0,131,64,495,107,49,32,42,322,5745,3,25,175,2421,39,4,3,3,81,32,180,89,3,493,163,0,166,110,283,0
10-Feb-21,10-02-2021,Deceased,110,0,1,0,0,2,1,9,0,0,2,2,0,0,1,1,3,3,18,0,0,2,30,0,0,0,0,0,1,14,3,0,5,1,0,5,1,5,0
11-Feb-21,11-02-2021,Confirmed,9353,0,87,1,10,57,13,254,0,0,142,45,285,106,36,65,45,430,5281,0,6,169,652,7,7,2,7,95,25,306,111,2,481,146,0,215,48,217,0
11-Feb-21,11-02-2021,Recovered,15722,0,79,0,23,113,30,848,0,0,135,59,302,81,30,40,53,340,5692,8,1,199,6107,3,5,2,5,60,22,187,174,0,490,118,2,151,77,286,0
11-Feb-21,11-02-2021,Deceased,85,0,0,0,0,1,1,4,0,0,2,0,2,1,1,2,0,7,16,0,0,1,25,0,0,0,0,0,0,7,2,0,6,0,0,0,2,5,0
12-Feb-21,12-02-2021,Confirmed,12137,0,68,0,8,78,19,229,2,0,141,39,268,104,30,91,36,380,5397,1,1,161,3670,11,1,1,1,58,19,246,108,3,483,143,0,103,49,188,0
12-Feb-21,12-02-2021,Recovered,11358,2,106,0,12,86,17,410,0,0,136,127,281,114,17,84,51,405,5332,3,0,218,2422,8,3,2,13,71,31,162,85,4,486,152,2,189,63,264,0
12-Feb-21,12-02-2021,Deceased,104,0,1,0,0,1,0,7,0,0,3,1,1,1,1,1,0,8,18,0,0,1,36,0,0,0,0,0,0,8,1,0,6,1,0,2,2,4,0
13-Feb-21,13-02-2021,Confirmed,12198,2,54,0,3,44,17,229,0,0,126,41,279,82,59,60,41,419,5471,2,36,194,3611,17,5,1,7,59,24,260,110,0,477,151,0,88,44,185,0
13-Feb-21,13-02-2021,Recovered,11107,4,71,1,28,80,35,256,0,0,138,51,283,70,38,77,29,430,5835,3,15,227,1773,7,3,0,7,100,24,221,107,2,482,185,0,221,47,257,0
13-Feb-21,13-02-2021,Deceased,89,0,0,0,1,2,1,5,0,0,0,1,0,4,1,1,1,4,16,0,0,0,38,0,0,0,0,0,0,4,1,0,5,0,0,1,2,1,0
14-Feb-21,14-02-2021,Confirmed,11706,0,55,0,5,51,18,169,0,0,150,42,247,77,21,73,41,414,4612,2,9,223,4092,13,5,0,6,73,8,234,103,2,470,146,0,101,54,190,0
14-Feb-21,14-02-2021,Recovered,9500,0,117,1,15,78,13,165,0,0,158,79,270,70,132,65,29,486,4692,6,2,205,1355,4,22,3,9,103,33,204,103,5,479,177,1,156,1,262,0
14-Feb-21,14-02-2021,Deceased,91,0,0,0,0,1,1,1,0,0,2,1,1,0,2,2,1,2,15,0,0,5,40,0,0,0,0,0,1,3,0,0,6,2,0,3,0,2,0
15-Feb-21,15-02-2021,Confirmed,9086,0,30,1,11,44,26,274,0,0,141,40,249,108,21,64,38,368,2884,6,1,203,3365,8,0,0,0,88,20,222,82,0,455,99,0,58,47,133,0
15-Feb-21,15-02-2021,Recovered,11793,0,69,1,16,79,24,488,0,0,134,59,280,57,34,69,33,430,5073,3,7,194,3105,7,21,1,15,83,41,217,126,2,477,169,0,122,99,258,0
15-Feb-21,15-02-2021,Deceased,82,0,1,0,2,2,0,5,0,0,2,2,0,0,0,0,2,2,13,0,0,4,23,0,0,1,0,1,1,10,0,0,6,2,0,2,0,1,0
16-Feb-21,16-02-2021,Confirmed,11592,4,60,0,5,56,29,250,0,0,94,48,263,86,19,58,32,438,4937,6,17,233,3663,9,2,3,1,60,20,247,60,3,451,129,0,105,53,151,0
16-Feb-21,16-02-2021,Recovered,11836,5,140,0,14,78,24,378,3,0,110,66,271,169,47,46,39,344,5439,6,15,221,2700,2,30,1,16,63,43,198,168,1,470,161,0,217,96,255,0
16-Feb-21,16-02-2021,Deceased,99,0,0,0,0,1,1,6,0,0,1,3,1,1,0,0,-1,6,18,0,0,3,39,0,0,0,2,1,0,5,0,0,7,1,0,0,2,2,0
17-Feb-21,17-02-2021,Confirmed,12862,1,51,0,21,38,29,311,2,0,134,46,278,82,34,84,45,378,4892,3,10,251,4787,10,1,1,0,75,18,341,101,0,454,148,2,57,44,133,0
17-Feb-21,17-02-2021,Recovered,12028,1,57,0,13,82,19,202,0,0,75,39,273,74,50,56,39,537,4832,3,6,243,3853,2,23,1,5,88,27,179,108,1,462,150,0,226,53,249,0
17-Feb-21,17-02-2021,Deceased,100,0,2,0,1,1,1,5,0,0,0,2,1,1,0,0,0,3,16,0,0,1,40,0,0,0,0,0,2,10,1,0,6,1,0,3,1,2,0
18-Feb-21,18-02-2021,Confirmed,13237,0,67,3,14,63,30,276,0,0,130,52,263,83,16,87,38,406,4584,1,2,241,5427,2,1,3,1,63,20,268,104,5,457,163,2,143,41,181,0
18-Feb-21,18-02-2021,Recovered,10914,0,54,1,11,68,22,278,0,0,153,51,270,94,69,53,37,306,5193,1,3,193,2543,10,24,3,6,100,23,169,77,1,470,101,1,256,30,243,0
18-Feb-21,18-02-2021,Deceased,100,0,1,0,1,2,0,2,0,0,2,0,0,1,0,3,0,6,14,0,0,2,38,0,0,0,1,1,0,10,1,0,6,2,0,4,1,2,0
19-Feb-21,19-02-2021,Confirmed,13916,0,79,0,23,67,19,259,0,0,158,45,266,93,32,81,51,386,4505,2,9,297,6112,5,5,6,0,53,14,383,93,1,448,165,0,39,26,194,0
19-Feb-21,19-02-2021,Recovered,10214,4,77,0,19,75,13,222,0,0,157,56,277,94,35,67,51,291,4854,9,14,250,2159,3,22,1,9,92,34,214,98,5,467,149,0,90,68,238,0
19-Feb-21,19-02-2021,Deceased,100,0,1,0,0,1,0,3,0,0,1,1,1,0,0,0,0,5,15,0,0,2,44,0,0,0,0,1,2,8,1,0,7,1,0,1,2,3,0
20-Feb-21,20-02-2021,Confirmed,13919,0,54,0,16,57,26,263,0,0,152,57,258,111,22,68,37,490,4650,1,5,257,6281,3,1,2,0,65,29,352,98,1,438,157,35,114,-374,193,0
20-Feb-21,20-02-2021,Recovered,11413,1,70,0,18,57,12,198,0,0,179,62,270,108,68,70,45,389,5841,2,11,213,2567,4,13,4,2,73,18,264,66,2,459,157,0,200,-265,235,0
20-Feb-21,20-02-2021,Deceased,89,0,0,0,0,2,1,2,0,0,1,0,0,0,0,0,0,5,13,0,0,4,40,0,0,0,0,0,0,8,1,0,6,0,0,2,0,4,0
21-Feb-21,21-02-2021,Confirmed,14278,0,88,0,9,94,28,153,0,0,145,39,283,121,19,84,31,413,4070,0,3,299,6971,4,0,2,1,58,23,348,82,4,452,163,0,79,30,182,0
21-Feb-21,21-02-2021,Recovered,9715,0,72,0,18,58,11,138,2,0,97,44,264,76,36,63,36,353,4345,1,12,238,2417,8,4,0,6,54,18,206,137,5,460,146,0,141,16,233,0
21-Feb-21,21-02-2021,Deceased,83,0,0,0,0,1,0,5,0,0,2,0,1,0,1,0,1,2,15,0,0,4,35,0,0,0,0,0,1,6,0,0,3,1,0,1,1,3,0
22-Feb-21,22-02-2021,Confirmed,10494,1,41,0,14,84,38,274,0,0,128,29,315,106,18,58,41,317,2212,1,15,294,5210,3,2,0,0,69,8,388,83,0,449,114,2,0,32,148,0
22-Feb-21,22-02-2021,Recovered,13233,0,71,0,18,59,18,382,0,0,157,53,272,93,25,44,45,287,5037,3,11,241,5035,34,2,2,1,59,26,225,122,3,461,143,1,0,72,231,0
22-Feb-21,22-02-2021,Deceased,76,0,0,0,0,1,1,6,0,0,1,0,1,0,0,0,1,5,16,0,0,0,18,0,0,0,0,0,0,15,0,0,6,1,0,0,2,2,0
23-Feb-21,23-02-2021,Confirmed,13682,1,70,0,21,59,37,274,0,0,145,57,348,131,20,94,50,383,4034,9,21,246,6218,3,1,1,0,62,28,414,76,0,442,0,4,190,54,189,0
23-Feb-21,23-02-2021,Recovered,13969,0,84,1,20,71,15,292,0,0,130,41,294,97,29,62,51,378,4823,1,21,200,5869,16,3,0,0,77,21,276,87,2,453,0,0,289,38,228,0
23-Feb-21,23-02-2021,Deceased,103,0,1,0,0,1,0,3,0,0,2,1,0,0,0,1,0,4,14,0,0,1,51,0,0,0,0,0,2,10,0,0,6,0,0,3,1,2,0
24-Feb-21,24-02-2021,Confirmed,16930,0,94,0,27,54,41,247,2,0,200,52,380,130,34,74,32,334,4106,11,6,346,8807,7,3,3,0,68,28,558,99,0,463,345,2,128,47,202,0
24-Feb-21,24-02-2021,Recovered,12100,1,66,0,25,92,17,309,0,0,115,35,296,82,23,69,47,313,5885,3,0,223,2772,2,5,1,4,90,17,248,90,0,469,297,0,203,80,221,0
24-Feb-21,24-02-2021,Deceased,141,0,0,0,0,1,1,4,0,0,2,1,1,1,0,0,1,6,17,0,0,2,80,0,0,0,0,0,1,7,0,0,6,4,0,3,0,3,0
25-Feb-21,25-02-2021,Confirmed,16599,0,82,0,30,61,49,220,1,0,220,71,424,166,42,108,76,453,3677,7,9,368,8702,3,3,0,6,89,21,563,128,1,467,207,0,129,17,199,0
25-Feb-21,25-02-2021,Recovered,12222,2,74,1,13,91,20,258,0,0,188,33,301,67,27,59,40,947,4652,4,7,201,3744,4,1,2,1,67,13,278,124,5,471,99,22,135,52,219,0
25-Feb-21,25-02-2021,Deceased,119,0,0,0,0,1,0,8,0,0,0,2,1,0,0,0,0,7,14,0,1,2,56,0,0,0,0,1,1,13,0,0,5,1,0,2,0,4,0
26-Feb-21,26-02-2021,Confirmed,16562,1,96,0,34,46,69,279,1,0,256,100,460,148,44,85,68,571,3671,2,2,332,8333,7,0,6,0,94,20,622,149,2,481,189,7,118,53,216,0
26-Feb-21,26-02-2021,Recovered,12790,0,71,0,22,92,26,310,2,0,193,41,315,98,27,101,43,642,4142,4,8,246,4936,10,1,4,4,63,22,255,125,0,483,129,0,114,38,223,0
26-Feb-21,26-02-2021,Deceased,114,0,1,0,1,1,0,7,0,0,1,3,0,1,0,1,0,4,14,0,0,3,48,0,0,0,0,0,0,15,1,0,5,2,0,2,1,3,0
27-Feb-21,27-02-2021,Confirmed,16805,1,118,0,9,45,60,240,0,0,243,61,451,199,55,97,42,523,3792,2,26,390,8623,11,0,3,1,86,20,593,102,2,486,178,0,77,59,210,0
27-Feb-21,27-02-2021,Recovered,11709,0,86,3,23,71,25,295,0,0,164,50,328,94,24,72,41,380,4650,2,8,241,3648,4,2,2,0,56,16,368,78,3,491,148,0,115,4,217,0
27-Feb-21,27-02-2021,Deceased,111,0,0,0,0,1,0,4,0,0,3,0,1,3,0,0,1,6,18,0,0,1,51,0,0,0,0,0,1,11,1,0,5,1,0,-1,1,3,0
28-Feb-21,28-02-2021,Confirmed,15614,2,117,0,10,25,51,141,0,0,197,54,407,174,47,58,44,521,3254,0,23,363,8293,2,1,1,1,87,8,579,156,8,479,176,0,100,43,192,0
28-Feb-21,28-02-2021,Recovered,11291,0,66,0,15,30,26,132,0,0,168,45,301,103,21,62,40,350,4333,1,1,243,3753,13,1,5,3,52,20,376,102,6,490,163,0,143,11,216,0
28-Feb-21,28-02-2021,Deceased,108,0,0,0,0,0,1,3,0,0,1,1,1,1,0,1,2,5,15,0,0,1,62,0,0,0,0,1,0,7,0,0,3,1,0,0,0,2,0
01-Mar-21,01-03-2021,Confirmed,12270,0,58,1,33,22,69,256,0,0,175,40,427,166,132,63,37,349,1938,1,15,336,6397,1,1,0,0,86,9,633,119,0,474,116,10,81,27,198,0
01-Mar-21,01-03-2021,Recovered,12472,0,51,0,16,51,19,143,0,0,105,62,360,151,15,56,46,324,3475,8,7,219,5754,4,1,3,0,76,16,394,123,1,482,165,3,104,26,212,0
01-Mar-21,01-03-2021,Deceased,92,0,0,0,1,0,1,7,0,0,1,1,1,2,1,1,0,5,13,0,0,1,30,0,0,0,0,0,1,18,0,0,5,0,0,3,0,0,0
02-Mar-21,02-03-2021,Confirmed,14998,0,106,1,15,41,67,216,2,0,217,47,454,175,23,85,51,437,2938,0,10,331,7863,8,3,3,0,74,29,729,102,2,462,163,0,103,70,171,0
02-Mar-21,02-03-2021,Recovered,13113,0,57,0,14,42,24,258,0,0,78,48,361,113,20,94,38,309,3512,2,1,259,6332,5,5,1,0,56,32,374,66,10,473,157,0,98,65,209,0
02-Mar-21,02-03-2021,Deceased,98,0,0,0,0,0,1,2,0,0,0,0,0,2,0,0,0,7,16,0,0,0,54,0,0,0,0,1,0,10,0,0,1,1,0,1,0,2,0
03-Mar-21,03-03-2021,Confirmed,17425,2,135,0,8,31,56,267,0,0,240,70,475,240,77,104,31,528,2765,2,7,417,9855,1,0,1,5,97,14,772,215,3,489,168,3,77,45,225,0
03-Mar-21,03-03-2021,Recovered,14071,0,82,0,19,50,24,138,0,0,196,42,358,118,19,49,56,413,4031,4,16,293,6559,2,1,1,0,64,20,365,85,11,494,163,2,134,31,231,0
03-Mar-21,03-03-2021,Deceased,87,0,1,0,0,1,1,4,0,0,3,0,1,0,0,0,0,3,15,0,0,0,42,0,0,0,0,0,0,12,0,0,2,0,0,0,0,2,0
04-Mar-21,04-03-2021,Confirmed,16824,2,102,0,20,40,78,235,0,0,261,69,480,294,65,79,61,571,2616,3,12,440,8998,0,0,0,5,81,17,1071,156,4,482,152,2,119,100,209,0
04-Mar-21,04-03-2021,Recovered,13788,1,56,0,15,40,36,203,0,0,143,38,369,149,20,70,47,496,4156,2,24,228,6135,0,1,2,2,71,19,385,116,1,490,114,9,114,19,217,0
04-Mar-21,04-03-2021,Deceased,113,0,1,0,0,1,0,3,0,0,1,2,0,0,0,1,1,4,14,0,0,1,60,0,0,0,0,0,0,15,1,0,4,2,0,1,0,1,0
05-Mar-21,05-03-2021,Confirmed,18324,0,124,1,29,38,76,274,0,0,312,79,515,233,72,81,44,677,2776,2,43,457,10216,3,2,1,0,91,30,808,195,3,543,166,0,127,51,255,0
05-Mar-21,05-03-2021,Recovered,14186,1,94,0,20,44,34,445,0,0,231,42,405,124,22,72,49,427,3638,3,2,308,6467,2,1,4,0,64,20,400,119,0,562,149,0,139,35,263,0
05-Mar-21,05-03-2021,Deceased,109,0,1,0,0,1,0,3,0,0,3,1,1,1,1,1,0,4,16,0,0,0,53,0,0,0,0,0,0,11,1,0,5,2,0,0,2,2,0
06-Mar-21,06-03-2021,Confirmed,18724,0,115,0,7,22,122,290,2,0,321,70,571,323,45,79,44,580,2791,4,5,467,10187,2,0,0,1,54,19,1159,233,10,562,170,2,130,78,259,0
06-Mar-21,06-03-2021,Recovered,14379,1,93,0,16,28,34,384,1,0,320,45,403,145,45,87,64,355,3517,2,2,395,6080,4,0,5,1,88,21,644,114,1,560,196,4,416,38,270,0
06-Mar-21,06-03-2021,Deceased,100,0,1,0,1,1,0,1,0,0,1,0,1,3,0,1,0,5,16,0,0,2,47,0,0,0,0,0,1,12,0,0,4,1,0,0,0,2,0
07-Mar-21,07-03-2021,Confirmed,18650,0,136,0,19,30,80,222,9,0,286,48,575,305,59,112,42,622,2100,1,13,429,11141,3,4,0,6,70,25,1043,176,7,567,158,0,115,59,188,0
07-Mar-21,07-03-2021,Recovered,14303,0,58,0,17,50,45,120,3,0,260,60,459,172,34,101,38,351,4039,1,14,347,6013,6,5,1,1,90,22,693,124,1,521,207,0,191,22,237,0
07-Mar-21,07-03-2021,Deceased,97,0,1,0,0,1,0,3,0,0,2,0,1,0,0,1,2,3,13,0,0,3,38,0,0,0,0,0,0,17,0,0,1,1,0,8,1,1,0
08-Mar-21,08-03-2021,Confirmed,15353,2,74,0,14,21,79,320,5,0,239,54,555,231,79,70,53,436,1412,2,8,427,8744,5,1,0,0,59,14,1229,179,0,556,111,0,101,58,215,0
08-Mar-21,08-03-2021,Recovered,16606,2,61,0,17,43,63,220,0,0,309,110,482,177,73,90,44,478,3030,2,2,394,9068,4,2,2,1,88,19,692,51,0,532,189,1,113,26,221,0
08-Mar-21,08-03-2021,Deceased,76,0,2,0,0,1,1,1,0,0,3,0,1,2,3,1,0,5,12,0,0,1,22,0,0,0,0,0,0,14,0,0,3,1,0,1,0,2,0
09-Mar-21,09-03-2021,Confirmed,17873,2,118,0,22,41,105,390,0,0,320,75,581,336,42,77,62,590,2316,2,15,457,9927,2,4,4,0,57,26,1027,179,1,569,142,0,147,49,188,0
09-Mar-21,09-03-2021,Recovered,20643,1,89,0,15,33,52,281,0,0,234,41,453,152,36,87,40,366,4386,3,12,382,12182,1,2,3,1,82,19,505,99,1,510,178,0,101,98,198,0
09-Mar-21,09-03-2021,Deceased,133,0,0,0,2,0,0,5,0,0,4,3,2,4,2,2,0,6,16,0,0,2,56,0,0,0,0,0,0,20,0,0,4,2,0,2,0,1,0
10-Mar-21,10-03-2021,Confirmed,22851,0,120,1,22,44,87,456,3,0,370,69,675,359,108,97,62,760,2475,3,15,516,13659,7,6,2,0,69,24,1393,188,3,671,189,0,121,36,241,0
10-Mar-21,10-03-2021,Recovered,18154,2,93,0,18,38,48,126,0,0,279,57,484,180,129,54,36,331,4192,7,14,309,9913,2,1,0,8,72,23,496,119,4,532,176,0,110,45,256,0
10-Mar-21,10-03-2021,Deceased,125,0,1,0,0,1,1,8,0,0,3,0,0,2,1,3,0,6,14,0,0,3,54,0,0,0,0,0,0,17,0,0,5,2,0,0,2,2,0
11-Mar-21,11-03-2021,Confirmed,23298,0,174,0,19,45,108,378,0,0,409,69,710,442,92,75,31,783,2133,2,45,530,14317,4,2,0,0,63,22,1305,203,1,685,194,1,143,69,244,0
11-Mar-21,11-03-2021,Recovered,15092,0,78,0,26,24,65,183,0,0,286,39,451,202,29,77,40,406,3753,0,19,347,7193,3,1,1,0,86,25,620,93,0,543,116,13,89,26,258,0
11-Mar-21,11-03-2021,Deceased,119,0,2,0,1,0,0,3,0,0,3,1,0,1,0,1,0,2,13,0,0,4,57,0,0,0,0,0,0,18,0,0,5,3,0,1,1,3,0
12-Mar-21,12-03-2021,Confirmed,24845,1,210,0,21,28,135,447,4,0,431,82,715,385,88,73,57,833,1780,6,18,603,15817,1,1,1,4,64,30,1408,237,4,670,181,0,167,66,277,0
12-Mar-21,12-03-2021,Recovered,19972,1,140,0,18,27,58,402,1,0,356,40,495,253,44,80,59,545,3377,17,6,360,11344,7,1,0,3,91,20,991,137,0,527,163,0,88,68,253,0
12-Mar-21,12-03-2021,Deceased,140,0,1,0,0,1,0,5,0,0,2,1,2,4,0,2,0,5,14,0,0,2,56,0,0,0,0,1,0,34,0,0,4,1,0,2,2,1,0
13-Mar-21,13-03-2021,Confirmed,25154,1,175,0,14,38,144,543,4,0,419,93,775,424,70,99,43,921,2035,1,16,675,15602,1,6,0,4,65,31,1510,201,1,695,216,2,0,54,276,0
13-Mar-21,13-03-2021,Recovered,16508,3,132,1,22,28,47,344,0,0,302,70,579,275,30,102,37,992,3256,0,14,496,7467,4,0,0,0,70,26,1024,114,8,512,168,10,0,106,269,0
13-Mar-21,13-03-2021,Deceased,159,0,2,0,1,1,1,6,0,0,3,1,2,4,1,3,0,1,12,0,0,2,88,0,0,0,0,0,0,22,0,0,4,2,0,0,2,1,0
14-Mar-21,14-03-2021,Confirmed,26513,1,298,0,17,50,120,475,3,0,407,66,810,440,78,105,61,934,1792,0,1,743,16620,2,5,1,0,71,15,1492,250,0,759,228,2,332,52,283,0
14-Mar-21,14-03-2021,Recovered,17590,0,164,0,17,44,64,235,0,0,350,83,586,296,60,66,28,609,3238,0,6,513,8861,3,2,0,0,91,15,838,125,1,547,152,0,297,24,275,0
14-Mar-21,14-03-2021,Deceased,120,0,2,0,0,1,0,4,0,0,2,1,2,1,2,0,0,3,15,0,0,2,50,0,0,0,0,0,1,20,1,0,4,1,0,3,1,4,0
15-Mar-21,15-03-2021,Confirmed,24437,0,147,0,20,26,148,645,2,0,368,89,890,420,75,94,67,932,1054,5,2,797,15051,0,0,1,0,66,14,1818,251,0,836,157,0,151,60,251,0
15-Mar-21,15-03-2021,Recovered,20186,2,103,2,26,35,70,546,2,0,306,62,594,300,74,77,59,429,3463,2,16,510,10671,2,0,1,0,70,17,1399,132,5,553,166,0,162,86,244,0
15-Mar-21,15-03-2021,Deceased,130,0,1,0,1,1,0,7,0,0,3,1,1,3,4,0,0,7,11,0,0,3,48,0,0,0,0,0,1,27,0,0,4,1,0,2,1,3,0
16-Mar-21,16-03-2021,Confirmed,28869,1,261,1,22,49,147,856,5,0,425,94,954,523,119,97,76,1135,1970,11,19,817,17864,2,3,2,0,65,24,1463,241,7,867,204,11,214,65,255,0
16-Mar-21,16-03-2021,Recovered,17746,1,125,0,21,29,113,281,9,0,257,73,703,249,55,59,54,561,2884,2,41,554,9510,2,1,0,0,66,29,751,151,4,561,170,3,138,47,242,0
16-Mar-21,16-03-2021,Deceased,187,0,0,0,0,1,1,12,0,0,1,4,2,2,1,2,1,6,15,0,0,1,87,0,0,0,0,0,1,38,1,0,5,2,0,2,0,2,0
17-Mar-21,17-03-2021,Confirmed,35838,3,253,0,33,58,201,887,0,0,536,73,1122,555,167,126,82,1275,2098,2,14,832,23179,8,2,3,0,82,52,2013,313,3,945,247,1,260,110,303,0
17-Mar-21,17-03-2021,Recovered,17793,0,137,0,19,40,70,243,0,0,319,59,775,295,52,90,60,479,2815,1,2,500,9138,4,3,0,7,61,18,1274,123,1,576,158,10,157,35,272,0
17-Mar-21,17-03-2021,Deceased,171,0,1,0,0,1,0,6,0,0,3,1,3,4,0,1,0,4,13,0,0,2,84,0,0,0,0,0,0,35,0,0,8,3,0,1,0,1,0
18-Mar-21,18-03-2021,Confirmed,39687,1,218,1,33,107,211,1066,9,0,607,98,1276,633,171,140,97,1488,1899,11,5,917,25833,2,3,3,0,84,81,2369,327,2,989,278,3,314,88,323,0
18-Mar-21,18-03-2021,Recovered,20356,2,117,0,14,64,75,335,5,0,384,41,899,410,61,74,72,341,2119,4,11,500,12174,2,1,4,0,66,18,1291,152,0,569,111,2,109,61,268,0
18-Mar-21,18-03-2021,Deceased,156,0,0,0,1,1,0,5,0,0,1,1,3,6,2,1,0,8,15,0,0,1,58,0,0,1,0,0,1,32,3,0,9,3,0,2,0,2,0
19-Mar-21,19-03-2021,Confirmed,40906,2,246,0,19,90,214,1097,10,0,716,100,1415,872,182,152,105,1587,1984,5,3,1140,25681,1,3,0,0,110,61,2470,402,3,1087,313,10,380,99,347,0
19-Mar-21,19-03-2021,Recovered,23623,0,131,0,23,58,82,360,2,0,471,60,948,448,98,72,75,869,1965,3,19,556,14400,5,4,0,5,71,20,1339,302,2,610,142,1,123,69,290,0
19-Mar-21,19-03-2021,Deceased,188,0,1,0,0,1,1,9,0,0,4,2,4,1,3,1,1,10,17,0,0,7,70,0,0,0,0,0,0,38,2,0,9,2,0,4,0,1,0
20-Mar-21,20-03-2021,Confirmed,43815,0,380,0,27,88,203,1273,7,0,813,154,1565,821,148,140,123,1798,2078,25,0,1308,27126,6,4,1,0,120,60,2578,445,5,1243,364,5,441,83,383,0
20-Mar-21,20-03-2021,Recovered,22971,0,204,0,18,51,82,322,1,0,567,56,969,368,67,100,54,1030,2211,5,27,571,13588,2,6,0,0,72,24,1011,256,1,634,189,1,136,50,298,0
20-Mar-21,20-03-2021,Deceased,196,0,2,0,0,1,1,11,0,0,2,0,6,3,1,1,0,7,15,0,0,2,92,0,1,0,0,0,0,38,0,0,8,2,0,1,0,2,0
21-Mar-21,21-03-2021,Confirmed,47009,1,368,0,25,126,239,1000,10,0,823,98,1580,867,141,158,83,1715,1875,2,18,1322,30535,3,0,1,0,98,64,2644,476,2,1289,394,5,488,137,422,0
21-Mar-21,21-03-2021,Recovered,21205,0,263,0,12,74,83,241,2,0,613,79,989,337,83,58,48,1048,2251,1,20,663,11314,2,0,0,0,58,21,1331,199,1,668,194,0,225,32,295,0
21-Mar-21,21-03-2021,Deceased,213,0,0,0,0,2,1,10,0,0,1,3,7,5,1,1,1,2,13,0,0,3,99,0,0,0,0,1,1,44,2,0,9,3,0,1,0,3,0
22-Mar-21,22-03-2021,Confirmed,40636,0,310,0,30,90,208,1525,4,0,888,85,1640,865,200,132,110,1445,1239,12,25,1348,24645,4,4,1,0,146,47,2299,602,0,1385,337,0,538,104,368,0
22-Mar-21,22-03-2021,Recovered,29779,0,114,1,22,50,100,750,4,0,565,81,1110,519,68,86,69,661,1766,3,44,754,19463,0,3,0,0,82,29,1870,176,5,659,181,0,177,71,296,0
22-Mar-21,22-03-2021,Deceased,197,0,2,0,1,2,1,12,0,0,7,0,4,3,3,0,1,10,12,0,0,2,58,0,0,0,0,0,1,58,5,0,10,2,0,1,0,2,0
23-Mar-21,23-03-2021,Confirmed,47239,0,492,0,52,111,214,1910,7,0,1101,133,1730,895,157,157,130,2010,1985,9,6,1502,28699,13,1,3,0,113,87,2254,480,2,1437,412,6,633,94,404,0
23-Mar-21,23-03-2021,Recovered,23913,3,256,0,27,46,126,604,2,0,620,58,1255,441,84,81,71,677,2172,2,11,798,13165,2,5,2,0,60,18,1426,220,9,902,216,1,181,52,320,0
23-Mar-21,23-03-2021,Deceased,277,0,2,0,1,2,1,20,0,0,4,3,4,3,4,2,1,5,10,0,0,4,132,0,0,0,0,0,1,53,4,0,9,3,1,4,2,2,0
24-Mar-21,24-03-2021,Confirmed,53419,2,585,0,41,170,249,2106,11,0,1254,140,1790,981,266,195,194,2298,2456,13,2,1712,31855,10,2,1,1,170,125,2613,669,2,1636,431,9,734,234,462,0
24-Mar-21,24-03-2021,Recovered,26575,1,251,1,15,65,136,634,5,0,769,73,1277,379,65,92,77,995,2060,2,1,950,15098,0,5,2,1,71,17,1455,258,1,1023,228,0,185,49,334,0
24-Mar-21,24-03-2021,Deceased,249,0,4,0,1,2,1,29,0,0,6,0,8,6,2,0,2,12,10,0,0,7,95,1,0,0,0,0,2,39,1,0,12,2,0,5,0,2,0
25-Mar-21,25-03-2021,Confirmed,59083,1,758,0,40,258,226,2419,26,0,1515,189,1961,1053,315,172,278,2523,1989,6,9,1885,35952,3,3,2,2,214,95,2661,715,2,1779,493,1,830,192,516,0
25-Mar-21,25-03-2021,Recovered,32917,1,231,0,22,58,115,1020,4,0,903,66,1405,562,64,92,72,1192,1865,2,3,919,20444,2,1,0,0,72,9,1735,238,5,1027,157,1,165,121,344,0
25-Mar-21,25-03-2021,Deceased,257,0,4,0,1,2,3,15,0,0,5,1,7,7,2,0,0,10,12,0,0,9,111,0,1,0,0,0,0,43,0,0,11,4,0,4,1,4,0
26-Mar-21,26-03-2021,Confirmed,62276,1,984,1,37,211,248,2665,17,0,1534,113,2190,1322,351,210,308,2566,1825,17,6,2091,36902,6,7,6,1,234,96,3122,853,3,1971,518,0,1028,186,646,0
26-Mar-21,26-03-2021,Recovered,30341,0,306,0,26,133,138,654,1,0,971,111,1422,748,128,121,81,1207,1917,11,18,1048,17019,3,4,0,0,73,13,1816,266,2,1131,204,0,247,161,361,0
26-Mar-21,26-03-2021,Deceased,292,0,2,0,0,2,4,22,0,0,9,1,6,8,1,1,3,13,14,0,0,9,112,0,0,0,0,0,0,59,3,0,9,3,0,6,1,4,0
27-Mar-21,27-03-2021,Confirmed,62632,1,947,2,46,195,294,3162,26,0,1558,170,2276,1383,416,271,340,2886,2055,9,0,2142,35726,3,2,3,0,210,128,2805,852,11,2089,495,10,1050,257,812,0
27-Mar-21,27-03-2021,Recovered,28728,1,377,0,23,78,152,620,5,0,974,69,1534,761,174,138,99,1179,2084,3,11,1175,14523,5,2,1,0,89,36,2141,227,2,1241,247,2,255,67,433,0
27-Mar-21,27-03-2021,Deceased,311,0,0,0,0,2,2,13,0,0,10,1,5,7,3,1,4,8,14,0,0,10,166,0,0,0,0,1,1,45,0,0,9,2,0,4,1,2,0
28-Mar-21,28-03-2021,Confirmed,68206,2,1005,0,48,351,296,2153,27,0,1881,131,2270,1392,277,309,314,3082,2216,0,1,2276,40414,9,1,2,1,290,137,2870,1081,1,2194,535,0,1447,366,827,0
28-Mar-21,28-03-2021,Recovered,32269,1,324,0,18,119,192,735,10,0,952,104,1605,673,157,117,76,1285,1853,9,32,1075,17874,4,1,2,1,120,76,2155,278,7,1270,278,0,367,42,457,0
28-Mar-21,28-03-2021,Deceased,295,0,2,0,0,1,3,15,0,0,9,2,8,9,3,4,3,12,12,0,0,11,108,0,0,0,0,0,0,69,2,0,11,3,0,3,3,2,0
29-Mar-21,29-03-2021,Confirmed,56152,6,997,0,40,239,274,1423,16,0,1904,128,2252,995,321,235,155,2792,1549,33,0,2323,31643,6,2,0,3,208,125,2868,902,0,2279,403,3,1280,109,639,0
29-Mar-21,29-03-2021,Recovered,36989,0,282,0,24,97,161,461,5,0,1411,101,1731,801,165,126,58,1964,1897,6,12,1349,20854,2,2,0,0,118,40,2583,267,1,1352,313,5,299,40,462,0
29-Mar-21,29-03-2021,Deceased,266,0,5,0,0,1,0,20,0,0,6,2,8,2,3,0,0,16,11,0,0,9,102,0,0,0,0,1,1,59,0,0,14,2,0,4,-1,1,0
30-Mar-21,30-03-2021,Confirmed,53237,29,993,0,53,74,265,3108,12,0,992,127,2220,980,339,359,418,2975,2389,112,3,2173,27918,2,22,3,0,218,115,2188,665,6,2342,463,0,918,128,628,0
30-Mar-21,30-03-2021,Recovered,41242,0,480,0,23,105,178,1197,10,0,1591,136,1988,851,139,175,130,1262,1946,25,9,1279,23820,2,3,6,0,121,94,2536,304,1,1463,364,0,382,147,475,0
30-Mar-21,30-03-2021,Deceased,355,0,3,0,0,1,2,35,0,0,4,1,10,4,6,1,3,21,16,0,0,10,139,0,0,0,0,0,1,64,0,0,16,4,0,10,2,2,0
31-Mar-21,31-03-2021,Confirmed,72113,2,1184,0,49,259,266,4563,19,0,1819,200,2360,1106,285,373,693,4225,2653,38,5,2332,39544,5,9,5,107,297,127,2944,906,2,2579,684,0,1198,293,982,0
31-Mar-21,31-03-2021,Recovered,40423,0,456,0,32,133,179,1052,8,0,399,62,2004,809,139,131,122,1492,2039,4,2,1261,23600,4,5,0,0,161,64,2788,393,3,1527,394,0,534,118,508,0
31-Mar-21,31-03-2021,Deceased,458,0,4,0,1,2,0,39,0,0,11,1,9,8,3,4,0,26,15,0,0,9,227,0,0,0,0,0,0,55,5,0,19,3,0,11,4,2,0
01-Apr-21,01-04-2021,Confirmed,81398,1,1271,0,58,488,257,4617,17,0,2790,265,2410,1609,409,461,690,4234,2798,18,3,2546,43183,1,2,3,5,394,260,3161,1350,6,2817,887,24,2589,500,1274,0
01-Apr-21,01-04-2021,Recovered,50384,4,464,0,34,158,223,1125,6,0,1121,104,2015,964,157,114,162,1599,1835,7,8,1573,32641,7,1,2,0,121,43,2291,446,6,1634,337,13,510,125,534,0
01-Apr-21,01-04-2021,Deceased,468,0,3,0,2,2,1,34,0,0,9,1,9,9,4,4,1,18,11,0,0,12,249,0,0,0,0,0,1,58,4,0,19,4,0,9,2,2,0
02-Apr-21,02-04-2021,Confirmed,89023,0,1288,1,63,662,287,4174,20,0,3594,280,2640,1861,406,517,694,4991,2508,14,7,2777,47913,5,15,8,16,461,213,2873,1422,4,3290,965,4,2953,364,1733,0
02-Apr-21,02-04-2021,Recovered,44179,1,610,0,38,204,139,1260,6,0,2084,81,2066,1191,285,171,137,1631,2287,3,2,1482,24126,12,1,0,0,218,82,2002,499,3,1715,312,5,782,194,550,0
02-Apr-21,02-04-2021,Deceased,713,0,5,0,0,2,1,43,0,0,14,1,11,10,4,5,1,6,14,0,0,16,481,0,0,0,0,0,1,57,2,0,12,5,0,16,2,4,0
03-Apr-21,03-04-2021,Confirmed,92994,14,1398,3,68,836,310,5818,16,0,3567,219,2815,1959,418,501,873,4373,2541,37,7,2839,49447,9,24,3,1,452,191,2686,1675,6,3446,1078,2,3187,439,1736,0
03-Apr-21,03-04-2021,Recovered,60059,6,787,0,32,255,245,1328,20,0,2904,151,2063,1184,308,140,161,1959,1660,9,11,1791,37821,6,0,0,0,205,137,2781,418,2,1834,331,5,750,176,579,0
03-Apr-21,03-04-2021,Deceased,514,0,9,0,0,2,1,36,0,0,10,2,13,10,4,2,7,19,12,0,0,15,277,0,0,0,0,0,0,49,3,0,14,6,0,14,4,5,0
04-Apr-21,04-04-2021,Confirmed,103794,11,1730,0,69,864,341,5250,25,0,4033,265,2875,1904,404,573,787,4553,2802,29,1,3178,57074,8,16,3,1,471,227,3006,1729,6,3581,1321,14,4136,550,1957,0
04-Apr-21,04-04-2021,Recovered,52840,3,842,0,48,245,352,3076,19,0,2677,167,2024,1110,256,189,148,2060,2173,12,3,2201,27508,7,2,3,0,300,109,2955,587,3,1813,293,0,863,148,644,0
04-Apr-21,04-04-2021,Deceased,477,0,5,0,2,1,1,36,0,0,21,1,14,7,10,3,8,15,10,0,0,11,222,0,0,0,0,1,0,51,2,0,14,5,0,31,2,4,0
05-Apr-21,05-04-2021,Confirmed,96563,7,1326,2,70,935,285,7302,27,0,3548,247,3160,2040,567,442,1086,5279,2357,48,3,3398,47288,5,4,1,2,573,180,2692,2429,6,3672,1097,3,3974,547,1961,0
05-Apr-21,05-04-2021,Recovered,50100,11,911,0,60,349,372,1412,18,0,2936,142,2028,1501,268,241,438,1856,1866,8,8,2064,26252,9,7,5,0,215,95,2515,527,0,1842,268,10,879,323,664,0
05-Apr-21,05-04-2021,Deceased,446,0,5,0,0,3,1,44,0,0,15,2,15,8,6,2,10,32,12,0,0,15,155,0,0,0,0,0,0,72,12,1,11,6,0,13,2,4,0
06-Apr-21,06-04-2021,Confirmed,115312,7,1941,2,92,1080,319,9921,16,0,5100,387,3280,2099,428,561,1264,6150,3502,50,7,3722,55469,7,9,9,0,588,237,2905,2236,23,3645,1498,14,5895,791,2058,0
06-Apr-21,06-04-2021,Recovered,59714,9,835,1,34,267,342,1719,28,0,2330,95,2167,1115,456,230,298,3487,1898,14,0,2203,34256,1,4,1,2,266,139,2350,851,7,1809,245,6,1176,351,722,0
06-Apr-21,06-04-2021,Deceased,630,0,7,0,2,2,2,53,0,0,17,1,17,9,5,2,4,39,14,0,0,18,297,0,0,0,0,0,2,61,13,0,15,6,0,30,7,7,0
07-Apr-21,07-04-2021,Confirmed,126276,8,2331,8,195,1527,399,10310,24,0,5506,527,3575,2366,653,812,1312,6976,3502,59,19,4043,59907,12,5,8,11,791,173,2963,2801,31,3986,1914,21,6002,1109,2390,0
07-Apr-21,07-04-2021,Recovered,59137,10,853,2,31,553,313,3819,24,0,3363,138,2217,1198,226,254,277,2794,1955,12,4,2126,30296,0,1,6,2,246,125,2959,783,1,1824,285,1,1484,88,867,0
07-Apr-21,07-04-2021,Deceased,684,0,11,0,0,3,2,53,0,0,20,2,22,11,9,6,7,35,16,0,0,13,322,0,0,0,0,1,1,62,12,0,17,5,1,40,5,8,0
08-Apr-21,08-04-2021,Confirmed,131878,18,2558,12,245,1911,324,10652,30,0,7437,582,4021,2872,621,835,1882,6570,4353,91,8,4324,56286,16,25,14,5,879,293,3070,3526,6,4276,2055,37,8474,787,2783,0
08-Apr-21,08-04-2021,Recovered,61829,7,915,0,68,328,329,1316,12,0,3687,107,2197,969,260,246,498,2393,2205,32,3,2296,36130,3,1,3,0,228,113,2480,520,2,1869,303,3,1084,265,957,0
08-Apr-21,08-04-2021,Deceased,802,0,6,0,1,4,1,94,0,0,24,2,35,11,6,1,7,36,18,0,0,27,376,1,1,0,0,0,0,56,20,0,19,7,0,39,3,7,0
09-Apr-21,09-04-2021,Confirmed,144945,12,2765,2,281,2174,422,11447,32,0,8521,428,4541,2994,662,808,1925,7955,5063,116,6,4882,58993,12,42,36,7,1282,223,3404,3970,6,5441,2478,32,9587,748,3648,0
09-Apr-21,09-04-2021,Recovered,77263,1,1245,1,38,318,320,2613,18,0,5032,159,2280,1970,501,312,553,3220,2475,64,9,2433,45391,8,6,3,4,310,139,2518,1005,0,1890,363,8,583,327,1146,0
09-Apr-21,09-04-2021,Deceased,773,0,11,0,3,3,4,91,0,0,39,3,42,11,7,4,17,46,22,0,0,23,301,0,0,0,0,1,0,56,12,0,23,5,0,36,5,8,0
10-Apr-21,10-04-2021,Confirmed,152565,14,3309,3,405,3469,398,14098,103,0,7897,540,5011,2937,943,1005,2373,6955,6194,146,10,4986,55411,11,39,25,12,1374,272,3239,4401,22,5989,2909,41,12748,1233,4043,0
10-Apr-21,10-04-2021,Recovered,90328,10,1053,1,79,822,343,4983,15,0,5716,167,2525,1615,373,359,667,3350,2584,91,5,2741,53005,1,4,0,2,403,136,2385,562,2,1952,584,1,2207,317,1268,0
10-Apr-21,10-04-2021,Deceased,838,0,12,0,2,6,3,123,0,0,39,1,49,11,12,6,17,36,17,1,0,24,309,0,0,0,0,2,2,58,18,0,23,6,0,46,3,12,0
11-Apr-21,11-04-2021,Confirmed,169914,15,3495,4,352,3756,402,10521,76,0,10774,525,5469,3440,570,915,2296,10250,6986,15,5,5939,63294,10,28,29,5,1379,306,3039,5105,54,6618,3187,48,15276,1333,4398,0
11-Apr-21,11-04-2021,Recovered,75380,2,1198,0,36,1053,357,5982,20,0,5158,170,2976,1896,506,330,635,2638,2358,14,3,3306,34008,3,40,1,2,459,206,3121,1015,1,2314,787,0,2769,243,1773,0
11-Apr-21,11-04-2021,Deceased,904,0,9,0,1,6,3,122,0,0,48,2,54,16,0,5,21,40,16,0,0,24,349,1,0,0,2,0,2,59,10,0,22,7,0,67,8,10,0
12-Apr-21,12-04-2021,Confirmed,160838,11,3263,6,583,2999,424,13576,111,0,11491,476,6021,3818,1089,991,2366,9579,5692,125,14,6489,51751,18,26,7,11,1741,512,3451,5771,5,6711,2251,10,13604,1334,4511,0
12-Apr-21,12-04-2021,Recovered,96746,10,1091,1,98,636,375,4865,19,0,7665,231,2854,2298,381,418,937,2767,2474,16,1,3117,52312,22,23,10,0,538,232,3407,1291,2,2339,565,2,3197,605,1947,0
12-Apr-21,12-04-2021,Deceased,880,0,11,0,0,6,1,132,0,0,72,2,55,14,9,0,19,52,11,0,0,37,258,0,0,1,0,2,2,52,25,0,19,6,1,72,7,14,0
13-Apr-21,13-04-2021,Confirmed,185297,8,4228,14,590,4157,397,15121,98,0,13468,562,6690,3845,619,1269,2844,8778,7515,165,21,8998,60212,26,87,36,11,1784,418,2980,5528,25,6984,3052,62,17963,1925,4817,0
13-Apr-21,13-04-2021,Recovered,82271,4,1483,0,52,1047,381,4682,21,0,7972,236,2748,2109,408,493,1003,6079,2959,35,9,4070,31624,11,10,1,3,523,209,2612,1251,5,3289,778,7,3474,405,2278,0
13-Apr-21,13-04-2021,Deceased,1026,0,10,0,1,14,1,156,0,0,81,3,67,16,11,3,29,67,20,0,0,40,281,0,0,0,0,2,3,50,28,0,18,7,0,85,13,20,0
14-Apr-21,14-04-2021,Confirmed,199584,38,4157,10,385,4786,421,14250,104,0,17282,473,7410,5398,925,1086,3198,11265,8778,208,11,9720,58952,21,98,30,13,2267,476,3302,6200,21,7819,2157,39,20439,1953,5892,0
14-Apr-21,14-04-2021,Recovered,93425,24,1606,1,106,1189,417,4633,29,0,9952,245,2642,2166,252,372,1798,4364,2642,7,0,3657,39624,6,5,1,102,610,242,3173,1956,0,3464,821,22,4517,483,2297,0
14-Apr-21,14-04-2021,Deceased,1038,1,18,0,3,21,3,120,0,0,104,4,73,18,13,5,31,38,22,1,0,51,278,0,0,0,0,3,2,63,29,0,25,8,0,67,13,24,0
15-Apr-21,15-04-2021,Confirmed,216828,15,5086,8,499,6133,412,15256,103,0,16699,757,8152,5858,1034,1141,3480,14738,8126,186,56,10166,61695,18,97,37,42,2989,413,4311,6658,41,7987,3307,0,22339,2220,6769,0
15-Apr-21,15-04-2021,Recovered,117897,4,1745,6,85,755,409,11988,14,0,13014,182,3023,2743,589,487,1325,3591,2700,72,8,3970,53335,10,3,7,3,837,176,2478,2254,5,4176,897,0,4222,397,2387,0
15-Apr-21,15-04-2021,Deceased,1184,0,14,0,1,24,3,135,2,0,112,5,81,18,11,4,28,66,20,0,0,53,349,0,0,0,0,2,1,50,33,0,29,8,0,104,9,22,0
16-Apr-21,16-04-2021,Confirmed,234002,27,6096,28,573,6253,481,14912,138,0,19486,927,8920,6277,842,1144,3843,14859,10031,245,44,11045,63729,31,121,25,22,3108,531,3891,7359,22,8449,3840,31,27360,2402,6910,0
16-Apr-21,16-04-2021,Recovered,122886,28,2194,2,113,1853,428,12240,25,0,12649,282,3387,2958,484,562,1393,4027,3792,47,11,7496,45335,7,12,5,2,952,220,3129,2791,10,4920,1198,7,6429,1080,2818,0
16-Apr-21,16-04-2021,Deceased,1338,0,20,0,4,13,1,138,0,0,141,6,94,20,9,2,56,78,21,0,0,60,398,0,1,0,1,3,3,50,31,0,33,9,0,103,17,26,0
17-Apr-21,17-04-2021,Confirmed,260895,42,7224,19,876,7870,431,16083,108,0,24375,762,9541,7717,1392,1145,3838,17489,13835,362,106,11269,67123,39,95,62,32,3144,715,4431,9046,72,9344,4446,58,27334,2757,7713,0
17-Apr-21,17-04-2021,Recovered,138209,36,2332,6,149,1804,438,9828,25,0,15414,436,3783,2944,656,852,1234,5564,3654,53,5,6497,56783,14,11,1,0,1303,198,2615,2823,4,5263,1414,11,7831,802,3426,0
17-Apr-21,17-04-2021,Deceased,1498,1,15,0,2,34,2,158,0,0,167,4,97,32,12,3,30,80,27,1,0,66,419,0,0,0,0,4,3,62,37,0,39,12,0,120,37,34,0
18-Apr-21,18-04-2021,Confirmed,275063,59,6582,20,639,8690,625,12345,184,0,25462,951,10340,7177,788,1526,3992,19067,18257,60,114,12248,68631,72,71,50,19,3664,663,4900,10262,105,10723,5093,69,30566,2630,8419,0
18-Apr-21,18-04-2021,Recovered,143839,54,2343,3,159,3460,411,14556,50,0,20159,531,3981,3489,532,963,1551,4603,4565,84,4,7495,45654,7,41,26,8,1309,282,3141,3084,5,5925,1555,7,9041,708,4053,0
18-Apr-21,18-04-2021,Deceased,1620,0,22,0,6,27,3,170,0,0,161,11,110,29,10,6,50,81,25,0,0,66,503,0,1,0,0,2,3,68,42,0,42,15,0,127,12,28,0
19-Apr-21,19-04-2021,Confirmed,257003,31,5963,65,1367,7487,612,13834,121,0,23686,940,11403,6842,1695,1516,4290,15785,13644,175,117,12897,58924,54,110,45,13,4445,565,4622,11967,9,10941,4009,32,28211,2160,8426,0
19-Apr-21,19-04-2021,Recovered,154357,12,2569,11,312,2619,429,12678,78,0,21500,428,4179,3663,593,813,1777,7098,4305,123,17,6836,52412,12,33,9,0,1503,336,3418,2408,3,6172,1878,15,10978,532,4608,0
19-Apr-21,19-04-2021,Deceased,1757,0,27,0,7,41,4,175,0,0,240,17,117,33,13,6,46,146,21,0,0,79,351,1,1,0,0,4,5,83,53,0,44,14,0,167,24,38,0
20-Apr-21,20-04-2021,Confirmed,294365,45,8987,61,1651,10455,602,15625,291,0,28395,1160,12206,7811,1340,2030,5080,21794,19577,250,53,12727,62097,94,137,91,82,4761,638,4656,12201,91,10986,5926,60,29574,3012,9819,0
20-Apr-21,20-04-2021,Recovered,166656,31,3116,15,279,3577,443,18746,75,0,19430,440,4339,3367,1078,716,2334,4571,3880,136,26,8937,54224,4,34,51,0,1740,253,3198,3207,4,6250,2209,16,14391,734,4805,0
20-Apr-21,20-04-2021,Deceased,2021,0,35,0,3,51,4,191,0,0,277,26,121,35,16,8,45,149,28,1,0,77,519,1,0,0,0,5,4,60,64,0,48,18,0,162,27,46,0
21-Apr-21,21-04-2021,Confirmed,315752,24,9716,73,1665,12222,622,14519,251,0,24638,1502,12553,9623,1692,2204,5041,23558,22414,183,191,13107,67468,92,192,90,97,4851,619,4953,14622,50,11681,6542,0,33106,4807,10784,0
21-Apr-21,21-04-2021,Recovered,179434,33,3359,16,297,4774,454,17263,101,0,24600,426,4802,3928,908,733,2331,6412,5431,20,16,9035,54985,22,25,7,4,2009,283,2727,3765,2,7071,2887,0,14198,894,5616,0
21-Apr-21,21-04-2021,Deceased,2101,0,38,0,5,56,2,193,0,0,249,17,125,45,17,13,62,116,22,0,0,75,568,2,3,0,0,5,5,69,62,0,53,20,0,187,34,58,0
22-Apr-21,22-04-2021,Confirmed,332531,37,10759,110,1931,11489,634,16750,359,0,26169,1410,13105,9742,1774,1965,7595,25795,26995,198,145,12384,67013,86,180,73,53,6164,987,5450,14468,124,12652,5567,168,34254,3998,11948,0
22-Apr-21,22-04-2021,Recovered,192317,33,3992,9,398,5308,482,17739,94,0,19609,461,5010,6512,689,791,2373,5624,6370,131,34,9620,62298,25,68,24,2,2165,464,3657,3618,18,7526,2251,74,16514,1744,6590,0
22-Apr-21,22-04-2021,Deceased,2257,1,31,0,10,59,4,207,0,0,306,21,137,55,18,8,106,123,28,1,0,75,568,1,0,0,0,7,4,75,59,1,59,23,0,195,19,56,0
23-Apr-21,23-04-2021,Confirmed,345296,42,11766,134,2384,12672,828,17397,236,0,24331,1420,13804,11854,1189,1937,5741,26962,28447,152,134,13590,66836,104,143,62,89,6215,792,6728,15398,67,13776,6206,40,36605,4339,12876,0
23-Apr-21,23-04-2021,Recovered,220545,49,4441,61,348,6067,476,15254,109,0,23572,596,5618,6334,772,1019,3205,8697,5663,159,17,10833,74045,27,38,5,1,2452,383,3294,5197,14,8078,3052,46,22566,1179,6878,0
23-Apr-21,23-04-2021,Deceased,2620,0,38,0,12,54,3,219,0,0,348,12,142,60,26,19,63,190,27,0,0,74,773,0,0,0,0,8,2,75,64,0,78,29,0,196,49,59,0
24-Apr-21,24-04-2021,Confirmed,348996,45,11698,116,2236,12359,711,16731,251,0,24103,1540,14097,10491,2073,2030,5152,29438,26685,148,157,12918,67160,130,155,63,114,6647,899,5663,15355,121,14842,7432,127,37944,5084,14281,0
24-Apr-21,24-04-2021,Recovered,215809,52,4421,19,619,6741,428,17029,118,0,22695,485,6479,5104,877,944,2865,9058,7067,209,33,11091,63818,13,148,32,0,3464,453,2949,4959,14,9142,2157,45,23231,1466,7584,0
24-Apr-21,24-04-2021,Deceased,2761,1,37,0,14,77,3,218,0,0,357,17,152,60,24,15,110,208,25,1,0,104,676,2,1,0,1,8,9,92,74,0,80,33,0,222,81,59,0
25-Apr-21,25-04-2021,Confirmed,354658,51,12634,61,1844,12795,749,12666,208,0,22933,2293,14296,10985,1363,2381,5903,34804,28469,120,164,13601,66191,140,208,105,180,6116,1008,6980,15809,148,15659,8126,100,35311,4368,15889,0
25-Apr-21,25-04-2021,Recovered,218626,57,4304,28,558,7533,413,11595,106,0,21071,658,6727,6057,1161,866,3287,6982,8122,63,29,11324,61450,38,62,34,15,3464,476,5315,6649,4,11065,3307,18,25633,1748,8407,0
25-Apr-21,25-04-2021,Deceased,2808,0,69,2,14,68,2,199,0,0,350,24,157,64,32,21,103,143,30,2,0,92,832,2,2,1,3,7,11,76,74,1,82,38,0,206,44,57,0
26-Apr-21,26-04-2021,Confirmed,319471,51,9881,168,3137,11801,821,15084,138,0,20201,2321,14340,11504,1692,2135,5541,29744,21890,145,121,12686,48700,146,130,22,55,6599,747,6276,16438,23,15684,6551,98,33551,5058,15992,0
26-Apr-21,26-04-2021,Recovered,249009,53,4431,25,828,9228,477,17341,123,0,22055,712,7727,6211,921,1067,4018,10663,7943,315,119,11612,71736,36,114,60,3,4180,515,4438,6416,20,13625,3840,62,26719,1601,9775,0
26-Apr-21,26-04-2021,Deceased,2762,0,51,0,15,67,5,226,0,0,380,38,158,75,27,25,124,201,28,0,0,88,524,5,1,0,0,9,10,98,84,2,94,43,0,249,67,68,0
27-Apr-21,27-04-2021,Confirmed,362913,48,11434,123,3132,12604,837,14893,217,0,24149,2110,14352,11931,2157,3164,6126,31830,32819,140,154,13417,66358,175,147,103,207,6073,1021,5916,16089,97,15830,10122,111,32921,5703,16403,0
27-Apr-21,27-04-2021,Recovered,262349,42,7055,28,955,7904,426,16931,190,0,17862,748,7803,7184,1305,1457,4247,10793,18413,293,131,11577,67752,50,90,12,16,4089,690,3774,7426,40,14043,6446,44,30398,1471,10664,0
27-Apr-21,27-04-2021,Deceased,3286,0,64,0,18,85,6,246,0,0,381,31,170,84,24,25,131,180,32,1,0,98,895,3,4,0,0,10,13,100,121,2,77,52,0,264,96,73,0
28-Apr-21,28-04-2021,Confirmed,379404,52,14669,165,3045,13374,772,15563,186,0,25986,3101,14120,12444,2539,3023,8075,39047,35013,116,103,12758,63309,259,159,228,124,8386,1258,6904,16613,151,16665,8061,124,29751,6054,17207,0
28-Apr-21,28-04-2021,Recovered,274171,44,6433,17,1098,8818,435,15506,221,0,24130,839,8595,7618,1552,963,4362,11833,15505,137,138,14156,61181,59,138,49,32,4521,632,5272,8303,21,15114,5093,35,35903,3485,11933,0
28-Apr-21,28-04-2021,Deceased,3646,1,71,0,22,84,11,279,0,0,368,24,174,95,33,30,149,229,41,0,0,105,1035,2,2,0,2,10,10,142,120,1,98,56,2,265,108,77,0
29-Apr-21,29-04-2021,Confirmed,386773,59,14792,194,3079,13089,801,15804,216,0,24235,3019,14327,13947,3040,3474,5961,35024,38607,108,158,12762,66159,314,187,138,181,6998,1122,6724,17269,170,17897,7994,166,35104,6251,17403,0
29-Apr-21,29-04-2021,Recovered,291727,37,8188,47,1797,10926,447,16489,138,0,25615,914,9544,9535,1241,1617,4755,14142,21116,192,45,13363,68537,314,129,90,29,4679,565,5059,10964,22,15542,4009,13,25613,3129,12885,0
29-Apr-21,29-04-2021,Deceased,3502,0,57,1,26,89,8,251,0,0,395,36,180,97,40,26,145,270,48,1,3,95,771,5,2,0,0,12,12,137,158,3,107,58,0,295,85,89,0
30-Apr-21,30-04-2021,Confirmed,402014,74,17354,163,3197,15853,724,14994,192,0,27047,3024,14605,13833,2358,3532,5961,48296,37199,103,105,12400,62919,271,229,140,226,8681,1195,6063,17155,205,18692,7646,141,34372,5654,17411,0
30-Apr-21,30-04-2021,Recovered,299198,58,8468,49,2449,11194,457,13677,325,0,25288,955,10180,9348,1734,1287,4002,14884,17500,247,56,13584,69710,74,166,44,12,5014,653,5106,10034,19,16007,5926,50,32494,4215,13932,0
30-Apr-21,30-04-2021,Deceased,3525,0,64,0,26,80,13,269,0,0,375,22,173,98,37,30,120,217,49,3,0,97,828,5,2,2,4,14,12,113,155,1,113,53,0,332,122,96,0
01-May-21,01-05-2021,Confirmed,392576,97,19412,217,3453,13789,799,15902,212,0,25219,2303,13847,13588,2751,3832,6323,40990,35636,117,156,12379,63282,319,262,113,158,10413,1379,7017,17652,259,19588,7754,173,30180,5493,17512,0
01-May-21,01-05-2021,Recovered,308688,72,11579,56,2229,10905,472,13532,280,0,27421,1310,10582,8509,1224,1801,5433,18341,15493,166,41,14562,61326,79,192,0,44,5634,623,4448,11676,41,17164,6542,67,38826,3644,14374,0
01-May-21,01-05-2021,Deceased,3685,1,61,0,23,82,11,229,0,0,412,54,172,125,28,47,169,271,48,1,0,102,802,5,3,0,3,11,12,138,160,1,147,51,2,304,107,103,0
02-May-21,02-05-2021,Confirmed,370090,38,23920,102,2385,13534,860,11825,161,0,20394,2030,12978,13322,2453,3571,4738,37733,31959,140,87,12662,56647,256,321,152,216,8015,1360,7280,18298,230,20768,7430,247,30857,5606,17515,0
02-May-21,02-05-2021,Recovered,300004,25,11411,83,2831,11694,483,12358,260,0,24444,1255,11146,10423,1614,1453,4541,21148,16296,193,275,13890,51356,80,154,120,27,6527,987,5244,11262,68,17576,5567,41,36650,2935,15587,0
02-May-21,02-05-2021,Deceased,3423,1,83,0,30,97,7,199,0,0,407,52,153,145,44,40,115,217,49,1,0,94,669,5,5,1,2,14,16,157,159,1,153,56,0,288,71,92,0
03-May-21,03-05-2021,Confirmed,355769,66,18972,220,4489,11407,890,15274,119,0,18043,2703,12820,12885,2630,3733,6899,44438,26011,89,70,12062,48621,362,246,74,101,8914,799,6772,17296,27,20952,5695,134,29052,5403,17501,0
03-May-21,03-05-2021,Recovered,318910,52,10227,90,2534,13603,528,14398,226,0,20293,1425,11999,13293,1531,1536,5614,20901,19519,149,109,13408,59500,107,177,66,30,6488,790,6016,11949,100,18016,6206,62,38687,3344,15937,0
03-May-21,03-05-2021,Deceased,3439,1,71,0,29,82,11,266,0,0,448,46,140,140,43,51,129,239,45,3,2,93,567,7,6,1,6,5,15,155,154,1,122,49,1,285,128,98,0
04-May-21,04-05-2021,Confirmed,382847,31,20034,234,4475,14794,780,15785,192,0,19953,2814,13050,15786,3824,4650,5974,44631,37190,245,169,12236,51880,433,339,198,266,8216,1138,7514,16974,230,21228,6876,271,25770,7028,17639,0
04-May-21,04-05-2021,Recovered,337699,29,12207,138,2851,11926,542,12093,229,0,18788,1870,12121,11525,1992,1878,5811,24714,26148,151,210,11249,65934,111,204,56,32,6164,886,6115,14146,22,19112,7432,87,38683,5696,16547,0
04-May-21,04-05-2021,Deceased,3786,0,82,0,41,105,11,210,0,0,338,52,131,153,48,37,132,288,57,3,0,98,891,2,0,0,0,15,17,173,154,1,144,59,1,351,85,107,0
05-May-21,05-05-2021,Confirmed,412624,42,22204,220,4826,14836,817,15157,170,0,20960,3496,12955,15416,3842,4716,5770,50112,41953,251,127,12319,57640,397,269,238,287,9889,1819,7953,16815,221,23310,6361,240,31111,7783,18102,0
05-May-21,05-05-2021,Recovered,330718,49,11128,76,2916,11726,610,10152,228,0,19209,2192,12995,10640,1480,2338,5804,26841,23106,131,160,9643,57006,121,147,137,33,6176,933,6701,17022,89,20062,8126,59,40852,4757,17073,0
05-May-21,05-05-2021,Deceased,3979,1,85,0,55,61,14,253,0,0,311,71,133,181,32,52,141,346,58,0,1,71,920,10,6,0,3,16,18,180,155,4,167,51,0,353,127,103,0
06-May-21,06-05-2021,Confirmed,414280,32,21954,222,4936,15126,759,13846,163,0,19133,3869,12545,14840,3942,4926,6974,49058,42464,98,152,12421,62194,380,347,170,267,10521,1510,8841,17532,264,24898,6026,300,26622,8517,18431,0
06-May-21,06-05-2021,Recovered,328349,30,10141,140,2976,13364,693,11600,136,0,20028,2023,13021,12246,2046,2836,5740,18943,27152,160,134,12965,63842,33,129,46,38,6854,779,5126,16044,50,21546,6551,75,28902,4548,17412,0
06-May-21,06-05-2021,Deceased,3923,1,72,0,46,90,9,212,0,0,335,58,123,177,45,52,133,328,63,0,1,86,853,13,2,0,3,17,18,154,161,3,195,52,3,350,151,117,0
07-May-21,07-05-2021,Confirmed,406901,56,17188,168,5626,13466,890,13628,121,0,19832,4195,12064,13867,4177,5443,5973,48781,38460,114,101,11708,54022,600,297,183,309,12238,1746,8297,18231,268,26465,11451,315,27763,9642,19216,0
07-May-21,07-05-2021,Recovered,327675,72,12749,132,3262,13489,797,13624,210,0,19085,2175,13085,13584,2376,2752,5293,28623,26662,145,118,4815,37386,83,176,108,112,8401,1079,4976,16930,123,22381,17183,149,33117,4643,17780,0
07-May-21,07-05-2021,Deceased,4233,0,73,1,47,62,8,208,0,0,341,56,119,162,56,50,136,592,54,1,1,84,898,2,6,0,1,19,19,165,164,2,197,87,1,372,137,112,0
08-May-21,08-05-2021,Confirmed,403808,30,20065,244,5756,12948,870,12239,137,0,17364,3751,11892,14667,5424,4788,6112,47563,41971,156,127,11598,56578,442,375,235,333,11807,1703,9042,17987,200,27397,5186,359,26636,8390,19436,0
08-May-21,08-05-2021,Recovered,386395,26,19272,135,3053,14962,861,12198,172,0,20160,3025,14737,14366,3013,2500,5953,34881,27456,143,215,4445,82266,85,152,124,19,7664,1177,6647,17667,65,23110,7994,117,34721,4771,18243,0
08-May-21,08-05-2021,Deceased,4092,2,96,0,50,76,9,223,0,0,332,55,119,155,37,60,141,482,64,1,0,90,864,12,11,0,15,21,19,171,160,5,241,38,1,297,118,127,0
09-May-21,09-05-2021,Confirmed,366455,26,22164,119,3299,11259,895,9120,90,0,13336,2633,11084,13548,3093,5190,4169,47930,35801,138,125,11051,48401,579,418,168,237,10635,1633,8436,17921,227,28897,4976,351,23175,5890,19441,0
09-May-21,09-05-2021,Recovered,353777,32,18832,188,4045,13364,879,13243,222,0,14738,3078,14770,12639,2459,2423,6461,31796,29318,105,148,4538,60226,135,179,172,128,8541,1158,5850,16880,116,23515,7646,132,34636,2731,18454,0
09-May-21,09-05-2021,Deceased,3749,2,92,0,48,67,10,189,0,0,273,67,121,151,55,54,97,490,68,2,0,86,572,15,18,2,3,19,26,191,159,2,236,35,1,294,180,124,0
10-May-21,10-05-2021,Confirmed,329491,31,14986,205,5803,10174,863,11867,63,0,12651,2804,11592,12718,4359,3614,6187,39305,27487,112,101,9715,37236,424,409,73,133,10031,1266,8549,16487,46,28978,4826,133,21277,5541,19445,0
10-May-21,10-05-2021,Recovered,355930,37,16167,179,4231,15800,714,13138,193,0,13306,2367,14931,16192,2355,2855,6962,32188,31209,106,124,7324,61607,87,241,165,47,9706,1108,6894,13499,139,20904,7754,130,29709,4887,18675,0
10-May-21,10-05-2021,Deceased,3879,2,84,4,77,75,7,172,0,0,319,50,117,161,53,56,129,596,65,2,1,81,549,13,5,3,10,17,23,198,160,2,232,32,4,278,168,134,0
11-May-21,11-05-2021,Confirmed,348555,28,20345,205,6258,10920,787,9717,139,0,12481,3124,10990,11637,4977,4352,4365,39510,37290,135,105,9754,40956,592,450,172,269,9793,2049,8594,16080,241,29272,4801,466,20445,7120,20136,0
11-May-21,11-05-2021,Recovered,355398,24,14502,232,4409,13852,805,12786,204,0,13583,2475,15198,15728,3099,3537,7631,22584,32978,130,104,9517,71966,195,206,82,45,7564,1359,7324,13198,34,19182,7430,150,29358,4933,18994,0
11-May-21,11-05-2021,Deceased,4198,0,108,4,85,72,10,199,0,0,347,75,118,144,64,65,103,480,79,0,0,94,793,20,9,0,6,18,30,214,169,8,298,32,3,301,118,132,0
12-May-21,12-05-2021,Confirmed,362632,44,21452,279,5657,9863,776,10150,104,0,13287,2865,11017,12490,4977,4509,4362,39998,43529,243,115,8970,46781,666,406,240,338,10982,2007,8271,16384,227,30355,4723,416,18023,7749,20377,0
12-May-21,12-05-2021,Recovered,352005,26,19095,108,3880,12265,859,9035,161,0,14071,2840,15264,14264,2187,3603,8331,34752,34600,147,87,10324,58805,358,314,118,98,8547,1247,4971,12840,93,19508,5695,137,27139,7005,19231,0
12-May-21,12-05-2021,Deceased,4128,3,89,1,71,74,14,153,0,0,300,70,102,165,66,65,97,516,95,1,1,84,816,17,8,1,9,17,27,193,164,6,293,31,9,326,109,135,0
13-May-21,13-05-2021,Confirmed,343005,40,22399,256,5468,7752,760,9121,100,0,10489,2491,10742,12286,4937,4356,4991,35297,39955,109,193,8419,42582,560,591,141,366,10649,1942,8410,15867,231,30621,4693,480,17745,7127,20839,0
13-May-21,13-05-2021,Recovered,344676,38,18638,180,4219,11008,837,12274,132,0,15189,2266,15269,16041,3817,2995,6882,34057,33733,106,117,10157,54535,253,228,85,91,8665,912,8237,12929,142,19287,6876,127,19425,5748,19181,0
13-May-21,13-05-2021,Deceased,4000,2,89,3,75,90,10,195,0,0,308,63,109,163,63,55,108,344,97,3,2,74,850,10,18,0,12,19,24,186,159,9,297,33,2,277,122,129,0
14-May-21,14-05-2021,Confirmed,326256,32,22018,263,4078,7494,650,7594,54,0,8506,2455,9995,10608,3044,3027,3776,41779,34694,240,173,8087,39923,726,627,201,275,12390,1974,8035,14289,232,31892,4305,552,15647,5775,20846,0
14-May-21,14-05-2021,Recovered,353200,12,19177,223,4168,14131,925,10908,189,0,14140,2960,15365,14577,3375,3814,7112,35879,31319,231,102,11671,53249,381,327,206,66,9329,1088,8446,13270,169,20037,6361,200,26179,4483,19131,0
14-May-21,14-05-2021,Deceased,3889,2,96,5,76,77,8,172,0,0,289,61,104,164,67,60,76,373,93,2,0,88,695,16,12,0,13,22,30,180,155,6,288,29,2,311,181,136,0
15-May-21,15-05-2021,Confirmed,310757,26,22517,249,5347,7336,660,7664,80,0,6430,1957,9061,9676,4145,3677,3157,41664,32680,177,82,7571,34848,730,560,122,304,11805,1598,6771,13565,215,33658,4298,449,12513,5654,19511,0
15-May-21,15-05-2021,Recovered,362547,42,18739,199,3254,14340,963,13098,189,0,11592,3512,15076,12593,4138,4140,6762,34425,29442,180,95,11973,59073,403,215,87,53,10781,1774,8125,17481,201,20905,6026,250,28404,4806,19211,0
15-May-21,15-05-2021,Deceased,4077,0,98,1,63,73,8,129,0,0,337,58,95,144,56,63,65,349,96,2,0,72,960,10,21,0,6,21,20,216,149,5,303,32,3,281,197,144,0
16-May-21,16-05-2021,Confirmed,281837,35,24171,180,3650,6894,664,4888,87,0,6456,1314,8210,9115,2378,4141,2321,31531,29704,119,117,7106,34389,677,569,180,241,11732,1961,6950,10290,340,33181,3816,761,10505,4047,19117,0
16-May-21,16-05-2021,Recovered,378526,16,21101,168,4225,14202,857,11552,150,0,9706,3793,14483,14856,4974,3934,7119,36475,34296,122,146,12345,59318,399,354,189,108,12077,1491,9059,24440,252,21317,5892,126,24837,5034,19113,0
16-May-21,16-05-2021,Deceased,4098,3,101,3,56,89,10,144,0,0,262,43,82,139,70,59,48,403,89,0,1,79,974,16,19,1,13,19,32,202,156,2,311,27,2,308,188,147,0
17-May-21,17-05-2021,Confirmed,263021,35,18561,304,6394,5920,620,6577,37,0,4524,1562,7135,7488,3546,3344,2507,38603,21402,130,219,5921,26616,330,634,150,273,10757,1446,6881,11597,70,33075,3961,335,9345,3719,19003,0
17-May-21,17-05-2021,Recovered,422391,46,17334,214,4737,11216,876,13865,90,0,10918,4008,12342,14279,3760,4042,5463,34635,99651,134,129,11513,48211,455,237,245,104,11821,1701,8552,29459,224,20486,5559,292,23045,3647,19101,0
17-May-21,17-05-2021,Deceased,4334,1,109,4,92,96,6,149,0,0,340,53,81,114,58,73,60,476,87,0,0,77,1000,14,16,2,7,22,28,191,157,5,335,30,10,271,223,147,0
18-May-21,18-05-2021,Confirmed,267246,36,21320,356,5835,6286,526,6477,43,0,4482,1358,6447,7774,2892,3967,2925,30309,31337,202,226,5412,28438,624,906,239,365,10321,1797,7066,8398,209,33059,3982,746,8673,4785,19428,0
18-May-21,18-05-2021,Recovered,389758,30,21274,302,4311,11174,867,12098,99,0,9403,3120,9557,14897,4565,3823,4859,58395,45926,156,151,11358,52898,337,470,162,192,10242,1670,8174,25160,94,21362,5186,269,21108,7019,19050,0
18-May-21,18-05-2021,Deceased,4529,3,99,2,73,111,6,153,0,0,265,45,67,124,78,71,62,525,97,5,1,70,1291,20,19,3,12,22,33,231,146,2,364,27,4,255,98,145,0
19-May-21,19-05-2021,Confirmed,276187,35,23160,337,6143,6059,414,5680,22,0,3846,1209,5246,6818,3396,3969,1894,34281,32762,134,254,5065,34031,582,872,184,244,11099,1759,6302,9849,266,34875,3837,879,7186,4492,19006,0
19-May-21,19-05-2021,Recovered,369005,26,24819,148,4057,12043,870,10048,101,0,9427,2160,9001,11821,3091,4338,4528,49951,48413,127,59,10337,51457,347,411,177,215,10036,1555,7872,16039,222,23863,4976,317,19669,7333,19151,0
19-May-21,19-05-2021,Deceased,3877,3,106,2,89,104,9,146,0,0,235,31,71,153,69,62,53,468,112,1,3,88,594,23,24,1,6,21,29,208,139,2,365,25,5,280,193,157,0
20-May-21,20-05-2021,Confirmed,259242,49,22610,360,6573,5871,404,5212,40,0,3231,1582,4773,6457,2648,4169,2056,28869,30491,107,290,4952,29911,644,1183,192,326,11498,1957,5469,7680,249,35579,3660,720,6681,3658,19091,0
20-May-21,20-05-2021,Recovered,357173,16,23098,214,3071,9977,891,9501,55,0,7831,3694,8308,14734,4257,4042,4326,52257,44369,106,97,9746,47371,546,465,136,218,9870,1304,8736,16705,216,25368,4826,316,13590,8006,18910,0
20-May-21,20-05-2021,Deceased,4209,1,114,0,74,98,10,113,0,0,233,44,64,129,65,67,60,548,128,1,2,88,984,11,10,0,11,25,28,191,127,3,397,23,3,236,159,162,0
21-May-21,21-05-2021,Confirmed,257299,31,20937,394,6066,5154,406,4943,27,0,3009,1625,4251,5643,2662,3848,2151,32218,29673,121,345,4384,29644,656,828,288,309,12523,1702,5253,6225,317,36184,3464,863,7682,3626,19847,0
21-May-21,21-05-2021,Recovered,357625,16,20811,206,4987,10151,790,9867,95,0,7288,3075,8783,13486,4535,4466,4117,52581,41032,110,177,9405,44493,1247,419,114,225,10881,2017,8652,18264,261,24478,4801,379,17668,8731,19017,0
21-May-21,21-05-2021,Deceased,4194,2,104,3,81,98,14,96,0,0,252,30,65,112,57,43,46,353,142,1,2,79,1263,15,25,0,13,27,26,172,129,3,467,25,2,172,116,159,0
22-May-21,22-05-2021,Confirmed,240897,31,19981,314,5980,4375,392,4328,34,0,2260,1647,4205,5021,2341,3408,2037,31183,28514,131,317,3844,26133,757,1123,274,252,11108,1445,5297,6103,287,35873,3308,864,5964,2903,18863,0
22-May-21,22-05-2021,Recovered,355138,24,18336,291,4659,8676,790,10131,72,0,6453,2693,8445,11327,5021,4117,3929,61766,45400,211,143,9327,40294,652,509,215,214,10601,2011,7363,15464,267,25776,4723,332,17540,8164,19202,0
22-May-21,22-05-2021,Deceased,3739,3,118,3,79,103,12,103,0,0,182,39,54,98,55,48,41,451,176,3,2,89,682,13,21,1,13,26,30,201,115,1,448,21,2,218,134,154,0
23-May-21,23-05-2021,Confirmed,222834,24,18767,226,3563,4002,360,3306,30,0,1649,1621,3794,4400,1309,3308,1345,25979,25820,130,193,3375,26672,767,803,214,223,12852,1448,5021,6521,324,35483,2242,876,4715,3050,18422,0
23-May-21,23-05-2021,Recovered,302253,32,20109,260,5785,8111,741,7980,62,0,5158,2545,8734,9480,4059,4956,4375,35573,37316,122,141,7587,29177,609,553,103,137,11627,1903,8527,16520,198,25196,4693,196,14086,6173,19429,0
23-May-21,23-05-2021,Deceased,4454,2,104,3,72,107,10,92,0,0,189,42,53,97,59,51,37,624,188,2,0,75,1320,14,22,2,14,28,34,192,113,3,422,19,6,231,71,156,0
24-May-21,24-05-2021,Confirmed,195857,9,12994,480,6221,2844,245,4209,16,0,1550,1401,3187,3757,1949,2237,1394,25311,17821,125,236,2936,22122,538,811,112,191,11059,922,4481,4414,101,34867,3043,426,3894,2071,17883,0
24-May-21,24-05-2021,Recovered,326737,22,18373,248,5252,5500,684,8985,46,0,4375,2362,9305,8359,3686,3999,3291,57333,36039,184,124,6989,42320,611,679,180,137,11614,1915,6803,16654,224,27026,4305,474,11918,7051,19670,0
24-May-21,24-05-2021,Deceased,3509,1,96,4,84,93,7,60,0,0,207,38,45,95,61,45,33,529,196,0,0,60,592,17,26,0,12,32,23,187,103,8,404,21,2,153,122,153,0
25-May-21,25-05-2021,Confirmed,208992,25,15284,429,5767,3306,258,3506,34,0,1568,1549,3255,2817,1999,2964,1247,22758,29803,278,264,2422,24136,824,957,289,276,10939,1237,4756,3404,278,34285,3821,773,3723,2756,17005,0
25-May-21,25-05-2021,Recovered,295264,49,20917,231,4783,6015,618,7893,51,0,4251,2082,9676,6720,3067,3623,3155,38224,33397,179,104,7373,36176,468,755,141,161,11769,1571,6451,15635,87,28745,4298,427,10441,6674,19057,0
25-May-21,25-05-2021,Deceased,4160,2,106,2,92,104,5,77,0,0,156,39,44,128,60,53,20,588,177,1,2,68,1137,15,19,1,18,33,26,174,105,5,468,23,5,157,93,157,0
26-May-21,26-05-2021,Confirmed,211510,23,18285,374,5699,2603,224,2829,14,0,1491,1487,3085,3138,1365,3037,977,26811,28798,235,118,2182,24752,847,846,316,260,11623,1321,4004,3886,295,33764,3762,667,3176,2991,16225,0
26-May-21,26-05-2021,Recovered,283054,29,24105,190,6266,6641,706,5767,53,0,3952,1363,10007,5476,2196,4023,2403,40738,35525,130,190,7479,23065,379,752,132,131,10635,1927,6397,13192,242,29717,3816,965,10540,4854,19071,0
26-May-21,26-05-2021,Deceased,3843,2,99,3,90,99,8,56,0,0,130,39,36,106,44,40,19,530,151,2,0,72,992,10,10,0,12,35,27,185,107,2,475,20,3,193,93,153,0
27-May-21,27-05-2021,Confirmed,186075,16,16167,444,5704,2568,200,2824,11,0,1072,1504,2869,2322,1472,2769,695,24214,24166,141,135,1977,21273,813,809,206,228,6736,1137,3854,3454,408,33361,3614,542,3178,2146,13046,0
27-May-21,27-05-2021,Recovered,271002,18,21385,254,4784,5015,637,6815,27,0,3725,1557,9302,5679,3409,4352,1778,31459,30539,145,180,6845,34370,576,597,195,195,11551,1486,5995,10396,224,30063,3961,1066,6995,6306,19121,0
27-May-21,27-05-2021,Deceased,3659,1,104,2,83,98,7,69,0,0,117,39,33,98,59,37,16,476,181,4,2,70,884,18,12,0,11,34,20,177,85,1,474,18,6,187,88,148,0
28-May-21,28-05-2021,Confirmed,174083,19,14429,497,5436,1785,161,2840,235,0,1141,1055,2521,2007,1523,2803,687,22823,22318,124,178,1854,20740,732,731,239,192,7216,1223,3706,2648,420,31079,3527,783,2276,1942,12193,0
28-May-21,28-05-2021,Recovered,285332,39,20746,333,5760,5362,526,5261,339,0,2799,1396,7965,5025,3150,3637,1982,52252,26270,172,268,5796,31671,579,941,156,134,11954,1779,6797,11177,227,31255,3982,1033,8145,7028,19396,0
28-May-21,28-05-2021,Deceased,3611,4,103,2,80,61,6,67,0,0,139,32,27,96,64,56,20,401,194,2,1,63,973,13,20,1,5,33,21,176,78,3,486,19,6,154,60,145,0
29-May-21,29-05-2021,Confirmed,165282,28,13756,461,5613,1491,163,2437,7,0,956,963,2230,1868,1262,2253,823,20628,23513,138,89,1640,20295,1007,613,277,156,7188,996,3036,2314,273,30016,2982,595,2014,1687,11514,0
29-May-21,29-05-2021,Recovered,264483,30,20392,394,3905,5168,450,6391,32,0,2380,1206,7109,3752,2738,4334,1647,42443,28100,141,218,4995,31964,564,890,220,156,11513,1718,5698,8108,231,31759,3837,878,7902,4446,18774,0
29-May-21,29-05-2021,Deceased,3463,0,104,3,77,48,5,64,0,0,122,27,29,97,30,46,13,492,198,0,2,68,832,15,7,0,7,35,21,125,70,4,486,21,13,155,99,148,0
30-May-21,30-05-2021,Confirmed,153396,20,13400,172,3245,1475,182,1655,14,0,946,645,1871,1452,861,2256,703,20378,19894,49,297,1476,18600,1032,742,329,192,9541,930,2584,2298,264,28864,1801,854,1864,1226,11284,0
30-May-21,30-05-2021,Recovered,237664,23,21133,306,5690,4130,509,5271,29,0,1803,1663,5146,3370,2869,3805,1724,28053,29013,96,137,5059,22532,563,974,98,109,11881,1895,5371,9636,130,32982,3660,722,6713,1927,18642,0
30-May-21,30-05-2021,Deceased,3130,1,94,1,55,52,5,37,0,0,78,28,25,89,41,29,19,381,186,1,1,60,814,17,13,1,13,33,21,127,66,3,493,16,9,138,41,142,0
31-May-21,31-05-2021,Confirmed,126883,21,7943,322,4348,1113,124,2163,63,0,648,602,1681,1246,865,1525,831,16604,12300,165,149,1205,15077,869,408,99,117,8313,627,2192,1498,146,27936,2524,394,1472,1156,10137,0
31-May-21,31-05-2021,Recovered,255125,36,19845,350,5037,3196,483,5651,68,0,1622,1825,4721,3671,2167,4070,1816,44473,28525,105,483,5023,33000,546,977,253,215,10405,1629,4904,8000,83,31223,3464,873,5491,3039,17856,0
31-May-21,31-05-2021,Deceased,2783,1,98,0,65,59,8,32,0,0,86,24,18,82,16,37,13,411,174,1,1,48,500,14,14,4,0,35,18,118,68,3,478,18,6,151,51,131,0
01-Jun-21,01-06-2021,Confirmed,133152,13,11303,370,4682,1174,108,1886,31,0,623,903,1561,1233,921,1895,609,14304,19760,88,89,1078,14123,798,467,312,174,8735,979,2149,1002,309,26513,2493,841,1221,981,9424,0
01-Jun-21,01-06-2021,Recovered,231397,26,18257,352,4992,3100,389,4471,46,0,1423,1777,4869,3453,2097,3682,1449,29271,24117,120,322,4120,35949,629,760,133,373,11095,1403,5039,6114,334,31673,3308,845,5625,2062,17722,0
01-Jun-21,01-06-2021,Deceased,3205,3,104,1,51,59,5,29,0,0,62,22,22,80,38,32,9,464,194,1,0,45,854,18,14,2,9,37,14,99,65,4,490,15,6,175,45,137,0
02-Jun-21,02-06-2021,Confirmed,134044,25,12768,376,4178,1158,134,1792,17,0,576,706,1333,1171,891,1718,532,16387,19661,91,169,991,15169,729,532,235,218,8399,867,2214,1276,250,25317,2384,571,1283,1003,8923,0
02-Jun-21,02-06-2021,Recovered,211890,36,15612,329,4389,2772,361,3244,62,0,1287,1711,4098,2705,1292,3391,1272,21199,29708,140,266,4113,29270,622,711,147,94,10594,1393,4426,6038,136,32263,2242,864,4939,2778,17386,0
02-Jun-21,02-06-2021,Deceased,2898,1,98,2,61,46,3,40,0,0,103,22,18,78,29,24,11,463,213,1,2,45,553,14,24,2,27,40,17,99,65,3,483,17,6,115,38,135,0
03-Jun-21,03-06-2021,Confirmed,132424,27,11421,364,4309,1106,111,1619,27,0,487,572,1207,980,995,1801,1015,18324,18853,113,144,846,15229,621,552,225,168,8839,815,2144,1258,289,24405,2261,677,1220,589,8811,0
03-Jun-21,03-06-2021,Recovered,206722,39,16223,337,4790,2238,226,3854,34,0,1058,1695,3018,2889,1891,2694,775,24036,26569,137,256,3746,25617,783,594,108,284,10434,950,4512,6456,205,32221,3043,458,4260,3354,16938,0
03-Jun-21,03-06-2021,Deceased,2717,0,81,1,46,28,1,22,0,0,45,17,17,71,23,29,10,514,153,2,0,50,643,10,9,2,5,42,16,92,44,3,460,18,9,108,38,108,0
04-Jun-21,04-06-2021,Confirmed,120454,18,10413,404,4548,991,88,1460,47,0,523,576,1120,895,787,1723,478,16068,16229,122,89,798,14152,791,584,205,147,7729,712,2005,1006,353,22651,2175,650,1112,892,7913,0
04-Jun-21,04-06-2021,Recovered,197763,32,15469,415,4263,2090,215,3838,47,0,1161,1160,3398,2456,2030,2731,1170,22316,25860,272,234,2045,20852,592,808,214,148,11347,1215,4314,4370,262,33646,3821,763,3646,4006,16557,0
04-Jun-21,04-06-2021,Deceased,3372,2,83,3,54,23,3,23,0,0,50,17,16,73,27,34,13,364,135,1,1,50,1377,14,18,2,12,39,18,87,40,3,463,15,5,136,58,113,0
05-Jun-21,05-06-2021,Confirmed,114488,17,10373,327,3781,1007,98,1356,14,0,414,567,996,723,818,1448,517,13800,17328,71,99,718,13659,717,497,236,309,7395,613,1878,942,253,21410,2070,708,1028,619,7682,0
05-Jun-21,05-06-2021,Recovered,189374,24,15958,402,3099,1667,175,3408,41,0,1683,1433,3004,1744,1102,2615,1098,25346,24003,254,143,2225,21776,740,801,335,177,7616,1312,3619,3364,283,32472,3762,670,4346,2531,16146,0
05-Jun-21,05-06-2021,Deceased,2682,1,80,1,44,21,3,30,0,0,60,17,15,59,19,25,12,365,209,1,2,38,741,9,9,4,6,40,12,82,32,2,443,18,11,120,33,118,0
06-Jun-21,06-06-2021,Confirmed,101209,14,8976,223,2228,920,74,999,6,0,381,403,848,654,357,1440,293,12209,14672,50,70,735,12557,823,488,267,77,7002,640,1563,904,340,20421,1436,654,1037,446,7002,0
06-Jun-21,06-06-2021,Recovered,174156,18,13568,381,4076,1799,162,2589,25,0,1189,1449,2915,1483,1462,3099,838,25659,21429,131,225,1934,14433,646,690,194,160,7358,1138,3790,3854,247,33161,3614,532,2446,1580,15882,0
06-Jun-21,06-06-2021,Deceased,2444,0,90,2,37,41,4,25,0,0,34,16,12,48,18,23,8,320,227,0,0,42,618,9,12,1,4,42,15,67,25,5,434,14,8,101,35,107,0
07-Jun-21,07-06-2021,Confirmed,85803,12,4872,360,3804,762,48,1285,1,0,231,418,778,640,656,977,358,11958,9312,61,38,571,10219,598,438,112,145,6118,482,1269,629,59,19448,1933,235,694,395,5887,0
07-Jun-21,07-06-2021,Recovered,182866,18,13702,513,4613,1196,139,3449,11,0,876,1095,2613,1674,1444,4178,726,27299,22263,139,195,1782,21081,783,689,208,169,8429,1196,3350,3429,384,31360,3527,789,2860,2335,14352,0
07-Jun-21,07-06-2021,Deceased,2106,1,86,0,37,43,2,26,0,0,36,80,11,39,18,16,6,340,210,0,3,32,340,15,5,2,3,41,10,84,31,0,351,16,6,81,32,103,0
08-Jun-21,08-06-2021,Confirmed,92785,23,7796,304,3948,711,71,1102,6,0,316,473,695,635,596,1184,603,9808,15567,72,99,535,10891,748,379,315,133,5896,545,1252,529,255,18023,1897,700,705,546,5427,0
08-Jun-21,08-06-2021,Recovered,162331,23,14641,438,3419,1010,121,2707,9,0,521,952,2122,1090,1155,2880,803,23449,20019,142,53,1376,16577,579,773,216,153,8836,938,2642,2617,214,31045,2982,595,2227,2717,12290,0
08-Jun-21,08-06-2021,Deceased,2222,2,77,1,43,34,5,14,0,0,41,19,11,38,13,11,13,179,124,0,1,36,702,12,9,2,3,45,6,59,32,2,409,15,8,92,66,98,0
